校名簡稱,校名全銜,等級別,縣市名稱,公/私立,原區,是否重點學校,地址,電話,學校網址,全校班級數,全校學生數,原住民籍學生總數,原住民籍學生總數占該校學生總數比率,主要/次要民族（30%以上）                     ,主要民族學生總數,主要民族占該校原住民籍學生總數比率,次要民族學生總數,次要民族占該校原住民籍學生總數比率,阿美族,泰雅族,排灣族,布農族,卑南族,魯凱族,鄒族,賽夏族,雅美族,邵族,噶瑪蘭族,太魯閣族,撒奇萊雅族,賽德克族,拉阿魯哇族,卡那卡那富族,尚未申報族籍
市立大同國小,新北市樹林區大同國民小學,國小,新北市,公立,否,是,[238]新北市樹林區大同里大同街43號,(02)86865486,http://www.ttps.ntpc.edu.tw,56,1398,102,0.07,阿美族,83,0.81,0,0,83,3,2,3,6,0,0,0,0,0,2,3,0,0,0,0,0
市立三峽國小,新北市三峽區三峽國民小學,國小,新北市,公立,否,是,[237]新北市三峽區中山路16號,(02)26711018,http://www.shps.ntpc.edu.tw,52,1317,102,0.08,阿美族,74,0.73,0,0,74,6,7,7,1,0,0,2,0,0,0,5,0,0,0,0,0
市立樟樹國小,新北市汐止區樟樹國民小學,國小,新北市,公立,否,是,[221]新北市汐止區樟樹一路141巷2號,(02)26421407,http://www.tctes.ntpc.edu.tw,25,586,108,0.18,阿美族,98,0.91,0,0,98,3,5,0,0,0,0,0,0,0,0,1,1,0,0,0,0
市立僑愛國小,桃園市大溪區僑愛國民小學,國小,桃園市,公立,否,是,[335]桃園市大溪區仁義里介壽路214號,(03)3801896,http://www.caes.tyc.edu.tw,35,828,168,0.2,阿美族/泰雅族,90,0.54,55,0.33,90,55,11,9,0,1,1,1,0,0,0,0,0,0,0,0,0
縣立豐里國小,臺東縣臺東市豐里國民小學,國小,臺東縣,公立,是,是,[950]臺東縣臺東市中華路三段80號,(089)324040,http://www.flps.ttct.edu.tw,8,130,66,0.51,阿美族,54,0.82,0,0,54,1,2,1,6,1,0,0,1,0,0,0,0,0,0,0,0
縣立豐榮國小,臺東縣臺東市豐榮國民小學,國小,臺東縣,公立,是,是,[950]臺東縣臺東市中華路二段154巷150號,(089)323353,http://www.frps.ttct.edu.tw,17,405,168,0.41,阿美族,107,0.64,0,0,107,1,36,7,12,0,0,0,2,0,0,0,0,3,0,0,0
縣立康樂國小,臺東縣臺東市康樂國民小學,國小,臺東縣,公立,是,是,[950]臺東縣臺東市山西路一段256號,(089)226131,http://www.klps.ttct.edu.tw,12,249,95,0.38,阿美族,63,0.66,0,0,63,0,15,6,8,0,0,0,3,0,0,0,0,0,0,0,0
縣立豐年國小,臺東縣臺東市豐年國民小學,國小,臺東縣,公立,是,是,[950]臺東縣臺東市中興路三段320號,(089)226733,http://www.fnps.ttct.edu.tw,6,62,48,0.77,阿美族,25,0.52,0,0,25,0,12,5,3,2,0,0,1,0,0,0,0,0,0,0,0
卑南國小,臺東縣臺東市卑南國民小學,國小,臺東縣,公立,是,是,[950]臺東縣臺東市卑南里更生北路317號,(089)223096,http://www.bnps.ttct.edu.tw,13,258,104,0.4,阿美族,61,0.59,0,0,61,0,3,20,14,0,0,0,4,0,0,2,0,0,0,0,0
縣立岩灣國小,臺東縣臺東市岩灣國民小學,國小,臺東縣,公立,是,是,[950]臺東縣臺東市岩灣路50巷401弄11號,(089)223415,http://www.yups.ttct.edu.tw,6,56,21,0.38,阿美族,17,0.81,0,0,17,0,2,2,0,0,0,0,0,0,0,0,0,0,0,0,0
縣立豐田國小,臺東縣臺東市豐田國民小學,國小,臺東縣,公立,是,是,[950]臺東縣臺東市中興路四段750號,(089)380345,http://www.ftps.ttct.edu.tw,14,246,115,0.47,阿美族,48,0.42,0,0,48,0,26,2,31,5,0,2,0,0,0,1,0,0,0,0,0
縣立富岡國小,臺東縣臺中市富岡國民小學,國小,臺東縣,公立,是,是,[950]臺東縣臺東市松江路一段441號,(089)281352,http://www.fgps.ttct.edu.tw,6,63,36,0.57,阿美族,32,0.89,0,0,32,1,0,1,1,1,0,0,0,0,0,0,0,0,0,0,0
初鹿國小,臺東縣卑南鄉初鹿國民小學,國小,臺東縣,公立,是,是,[954]臺東縣卑南鄉初鹿村梅園路97號,(089)571027,http://www.clps.ttct.edu.tw,6,99,52,0.53,阿美族/卑南族,31,0.6,20,0.38,31,0,1,0,20,0,0,0,0,0,0,0,0,0,0,0,0
縣立富山國小,臺東縣卑南鄉富山國民小學,國小,臺東縣,公立,是,是,[954]臺東縣卑南鄉富山村漁場三鄰66號,(089)281086,http://www.fses.ttct.edu.tw,11,67,29,0.43,阿美族,24,0.83,0,0,24,0,2,0,3,0,0,0,0,0,0,0,0,0,0,0,0
縣立鹿野國小,臺東縣鹿野鄉鹿野國民小學,國小,臺東縣,公立,是,是,[955]臺東縣鹿野鄉鹿野村中華路一段402號,(089)551371,http://www.lyes.ttct.edu.tw,6,51,25,0.49,阿美族,17,0.68,0,0,17,0,0,7,1,0,0,0,0,0,0,0,0,0,0,0,0
縣立永安國小,臺東縣鹿野鄉永安國民小學,國小,臺東縣,公立,是,是,[955]臺東縣鹿野鄉永安村鹿寮路31號,(089)551172,http://www.yaps.ttct.edu.tw,6,51,24,0.47,阿美族,21,0.88,0,0,21,0,0,0,1,0,0,0,2,0,0,0,0,0,0,0,0
縣立瑞豐國小,臺東縣鹿野鄉瑞豐國民小學,國小,臺東縣,公立,是,是,[955]臺東縣鹿野鄉瑞豐村中山路67號,(089)581118,http://www.rfps.ttct.edu.tw,6,40,14,0.35,阿美族,10,0.71,0,0,10,0,2,2,0,0,0,0,0,0,0,0,0,0,0,0,0
縣立瑞源國小,臺東縣鹿野鄉瑞源國民小學,國小,臺東縣,公立,是,是,[955]臺東縣鹿野鄉瑞源村文化路67號,(089)581064,http://www.ryes.ttct.edu.tw,6,90,44,0.49,阿美族,41,0.93,0,0,41,0,0,3,0,0,0,0,0,0,0,0,0,0,0,0,0
縣立關山國小,臺東縣關山鎮關山國民小學,國小,臺東縣,公立,是,是,[956]臺東縣關山鎮中華路101號,(089)811012,http://www.ksps.ttct.edu.tw,15,321,135,0.42,阿美族/布農族,76,0.56,48,0.36,76,6,0,48,0,0,0,2,0,0,0,3,0,0,0,0,0
縣立月眉國小,臺東縣關山鎮月眉國民小學,國小,臺東縣,公立,是,是,[956]臺東縣關山鎮月眉里盛豐路二鄰1號,(089)811074,http://www.ymps.ttct.edu.tw,6,19,7,0.37,阿美族,6,0.86,0,0,6,0,0,1,0,0,0,0,0,0,0,0,0,0,0,0,0
縣立德高國小,臺東縣關山鎮德高國民小學,國小,臺東縣,公立,是,是,[956]臺東縣關山鎮德高里7鄰永豐16號,(089)931149,http://www.dgps.ttct.edu.tw,6,29,26,0.9,阿美族,26,1,0,0,26,0,0,0,0,0,0,0,0,0,0,0,0,0,0,0,0
電光國小,臺東縣關山鎮電光國民小學,國小,臺東縣,公立,是,是,[956]臺東縣關山鎮電光里中興路93號,(089)951142,http://www.tkes.ttct.edu.tw,6,17,16,0.94,阿美族,16,1,0,0,16,0,0,0,0,0,0,0,0,0,0,0,0,0,0,0,0
縣立大坡國小,臺東縣池上鄉大坡國民小學,國小,臺東縣,公立,是,是,[958]臺東縣池上鄉慶豐村八鄰87號,(089)862664,http://www.dpps.ttct.edu.tw,6,30,15,0.5,阿美族,14,0.93,0,0,14,0,0,1,0,0,0,0,0,0,0,0,0,0,0,0,0
縣立萬安國小,臺東縣池上鄉萬安國民小學,國小,臺東縣,公立,是,是,[958]臺東縣池上鄉萬安村一鄰5之2號,(089)862371,http://www.waes.ttct.edu.tw,10,55,21,0.38,阿美族,13,0.62,0,0,13,3,1,4,0,0,0,0,0,0,0,0,0,0,0,0,0
縣立東河國小,臺東縣東河鄉東河國民小學,國小,臺東縣,公立,是,是,[959]臺東縣東河鄉東河村十六鄰35號,(089)896160,http://www.thps.ttct.edu.tw,6,40,27,0.68,阿美族,24,0.89,0,0,24,0,0,0,3,0,0,0,0,0,0,0,0,0,0,0,0
縣立都蘭國小,臺東縣東河鄉都蘭國民小學,國小,臺東縣,公立,是,是,[959]臺東縣東河鄉都蘭村431號,(089)531224,http://www.thes.ttct.edu.tw,6,70,35,0.5,阿美族,29,0.83,0,0,29,1,2,3,0,0,0,0,0,0,0,0,0,0,0,0,0
縣立泰源國小,臺東縣東河鄉泰源國民小學,國小,臺東縣,公立,是,是,[959]臺東縣東河鄉泰源村11鄰297號,(089)891011,http://www.tyes.ttct.edu.tw,6,75,48,0.64,阿美族,47,0.98,0,0,47,1,0,0,0,0,0,0,0,0,0,0,0,0,0,0,0
縣立北源國小,臺東縣東河鄉北源國民小學,國小,臺東縣,公立,是,是,[959]臺東縣東河鄉北源村順那21號,(089)891103,http://www.pyes.ttct.edu.tw,6,18,12,0.67,阿美族,12,1,0,0,12,0,0,0,0,0,0,0,0,0,0,0,0,0,0,0,0
縣立三民國小,臺東縣成功鎮三民國民小學,國小,臺東縣,公立,是,是,[961]臺東縣成功鎮三民路18號,(089)851024,http://www.smps.ttct.edu.tw,12,93,70,0.75,阿美族,64,0.91,0,0,64,0,5,0,0,0,0,0,1,0,0,0,0,0,0,0,0
縣立信義國小,臺東縣成功鎮信義國民小學,國小,臺東縣,公立,是,是,[961]臺東縣成功鎮信義里都歷路58號,(089)841029,http://www.syips.ttct.edu.tw,6,60,51,0.85,阿美族,50,0.98,0,0,50,0,0,1,0,0,0,0,0,0,0,0,0,0,0,0,0
縣立三仙國小,臺東縣成功鎮三仙國民小學,國小,臺東縣,公立,是,是,[961]臺東縣成功鎮三仙里基翬路八鄰16號,(089)851960,http://www.sasps.ttct.edu.tw,6,48,43,0.9,阿美族,43,1,0,0,43,0,0,0,0,0,0,0,0,0,0,0,0,0,0,0,0
縣立忠孝國小,臺東縣成功鎮忠孝國民小學,國小,臺東縣,公立,是,是,[961]臺東縣成功鎮忠孝里成廣路8號,(089)871109,http://www.jsps.ttct.edu.tw,11,43,33,0.77,阿美族,32,0.97,0,0,32,0,0,0,0,0,0,0,0,0,0,1,0,0,0,0,0
縣立長濱國小,臺東縣長濱鄉長濱國民小學,國小,臺東縣,公立,是,是,[962]臺東縣長濱鄉長濱村五鄰11號,(089)831038,http://www.cbps.ttct.edu.tw,6,92,51,0.55,阿美族,49,0.96,0,0,49,1,0,0,0,0,0,0,0,0,1,0,0,0,0,0,0
縣立寧埔國小,臺東縣長濱鄉寧埔國民小學,國小,臺東縣,公立,是,是,[962]臺東縣長濱鄉寧埔村十鄰41號,(089)801082,http://nbps.boe.ttct.edu.tw,6,45,41,0.91,阿美族,36,0.88,0,0,36,1,2,0,0,0,0,0,0,0,0,2,0,0,0,0,0
縣立竹湖國小,臺東縣長濱鄉竹湖國民小學,國小,臺東縣,公立,是,是,[962]臺東縣長濱鄉竹湖村十鄰14號,(089)831295,http://www.jhes.ttct.edu.tw,6,30,18,0.6,阿美族,18,1,0,0,18,0,0,0,0,0,0,0,0,0,0,0,0,0,0,0,0
縣立三間國小,臺東縣長濱鄉三間國民小學,國小,臺東縣,公立,是,是,[962]臺東縣長濱鄉三間村七鄰16號,(089)831306,http://www.sjps.ttct.edu.tw,6,37,20,0.54,阿美族,19,0.95,0,0,19,0,1,0,0,0,0,0,0,0,0,0,0,0,0,0,0
縣立樟原國小,臺東縣長濱鄉樟原國民小學,國小,臺東縣,公立,是,是,[962]臺東縣長濱鄉樟原村一鄰7號,(089)881019,http://www.jyps.ttct.edu.tw,5,21,21,1,阿美族,16,0.76,0,0,16,0,0,3,0,0,0,0,0,0,2,0,0,0,0,0,0
縣立興隆國小,臺東縣東河鄉興隆國民小學,國小,臺東縣,公立,是,是,[959]臺東縣東河鄉興昌村155號,(089)531283,http://www.slops.ttct.edu.tw,6,50,21,0.42,阿美族,19,0.9,0,0,19,1,0,0,1,0,0,0,0,0,0,0,0,0,0,0,0
縣立明恥國小,花蓮縣花蓮市明恥國民小學,國小,花蓮縣,公立,是,是,[970]花蓮縣花蓮市中興路41號,(03)8222231,http://www.mcps.hlc.edu.tw,14,239,111,0.46,阿美族,57,0.51,0,0,57,9,0,10,2,0,0,0,0,0,1,29,0,3,0,0,0
縣立信義國小,花蓮縣花蓮市信義國民小學,國小,花蓮縣,公立,是,是,[970]花蓮縣花蓮市主計里信義街1號,(03)8331163,http://www.syips.hlc.edu.tw,6,75,31,0.41,阿美族,18,0.58,0,0,18,1,0,0,0,0,0,0,0,0,3,9,0,0,0,0,0
縣立復興國小,花蓮縣花蓮市復興國民小學,國小,花蓮縣,公立,是,是,[970]花蓮縣花蓮市府前路682號,(03)8223208,http://www.fshps.hlc.edu.tw,6,120,66,0.55,阿美族,41,0.62,0,0,41,4,0,2,2,0,0,0,0,0,0,16,0,1,0,0,0
縣立中華國小,花蓮縣花蓮市中華國民小學,國小,花蓮縣,公立,是,是,[970]花蓮縣花蓮市國盛二街22號,(03)8324308,http://www.chps.hlc.edu.tw,14,287,112,0.39,阿美族,66,0.59,0,0,66,8,1,6,0,0,0,0,0,0,2,29,0,0,0,0,0
縣立國福國小,花蓮縣花蓮市國福國民小學,國小,花蓮縣,公立,是,是,[970]花蓮縣花蓮市福光街277巷1號,(03)8561395,http://www.gfups.hlc.edu.tw,6,28,17,0.61,阿美族,13,0.76,0,0,13,0,0,0,0,0,0,0,0,0,0,0,4,0,0,0,0
縣立北埔國小,花蓮縣新城鄉北埔國民小學,國小,花蓮縣,公立,是,是,[971]花蓮縣新城鄉北埔路170號,(03)8264624,http://www.bpps.hlc.edu.tw,18,408,261,0.64,阿美族/太魯閣族,134,0.51,91,0.35,134,11,1,16,1,1,0,1,0,0,0,91,5,0,0,0,0
縣立嘉里國小,花蓮縣新城鄉嘉里國民小學,國小,花蓮縣,公立,是,是,[971]花蓮縣新城鄉嘉里村嘉里三街28號,(03)8266945,http://www.zlips.hlc.edu.tw,6,73,44,0.6,阿美族,24,0.55,0,0,24,3,0,4,1,0,0,0,0,0,1,11,0,0,0,0,0
縣立吉安國小,花蓮縣吉安鄉吉安國民小學,國小,花蓮縣,公立,是,是,[973]花蓮縣吉安鄉吉安路二段97號,(03)8523984,http://www.gaps.hlc.edu.tw,12,222,94,0.42,阿美族/太魯閣族,40,0.43,33,0.35,40,3,2,13,1,0,0,0,0,0,2,33,0,0,0,0,0
縣立宜昌國小,花蓮縣吉安鄉宜昌國民小學,國小,花蓮縣,公立,是,是,[973]花蓮縣吉安鄉宜昌一街45號,(03)8520209,http://www.ycps.hlc.edu.tw,31,820,304,0.37,阿美族,228,0.75,0,0,228,8,6,16,5,0,0,0,0,0,2,36,0,1,2,0,0
縣立光華國小,花蓮縣吉安鄉光華國民小學,國小,花蓮縣,公立,是,是,[973]花蓮縣吉安鄉光華村光華二街180號,(03)8421611,http://www.khps.hlc.edu.tw,6,73,42,0.58,阿美族,26,0.62,0,0,26,0,0,8,0,0,0,0,0,0,0,8,0,0,0,0,0
縣立南華國小,花蓮縣吉安鄉南華國民小學,國小,花蓮縣,公立,是,是,[973]花蓮縣吉安鄉干城村吉安路6段60號,(03)8525043,http://www.nhps.hlc.edu.tw,6,81,41,0.51,阿美族/太魯閣族,24,0.59,14,0.34,24,1,2,0,0,0,0,0,0,0,0,14,0,0,0,0,0
縣立化仁國小,花蓮縣吉安鄉化仁國民小學,國小,花蓮縣,公立,是,是,[973]花蓮縣吉安鄉東里十一街83號,(03)8528720,http://www.hzps.hlc.edu.tw,12,222,143,0.64,阿美族,117,0.82,0,0,117,4,1,6,0,0,0,1,0,0,1,13,0,0,0,0,0
縣立壽豐國小,花蓮縣吉安鄉太昌國民小學,國小,花蓮縣,公立,是,是,[974]花蓮縣壽豐鄉壽豐村壽山路37號,(03)8651024,http://www.sfops.hlc.edu.tw,6,133,68,0.51,阿美族,59,0.87,0,0,59,1,0,2,0,0,0,0,0,0,0,6,0,0,0,0,0
縣立豐裡國小,花蓮縣壽豐鄉壽豐國民小學,國小,花蓮縣,公立,是,是,[974]花蓮縣壽豐鄉豐裡村中山路299號,(03)8652183,http://www.flps.hlc.edu.tw,6,78,32,0.41,阿美族,32,1,0,0,32,0,0,0,0,0,0,0,0,0,0,0,0,0,0,0,0
縣立平和國小,花蓮縣壽豐鄉豐裡國民小學,國小,花蓮縣,公立,是,是,[974]花蓮縣壽豐鄉平和路34號,(03)8661223,http://www.phps.hlc.edu.tw,6,39,13,0.33,阿美族,10,0.77,0,0,10,2,0,0,0,0,0,0,0,0,0,1,0,0,0,0,0
縣立溪口國小,花蓮縣壽豐鄉溪口國民小學,國小,花蓮縣,公立,是,是,[974]花蓮縣壽豐鄉溪口村溪口路87號,(03)8652275,http://www.skps.hlc.edu.tw,6,27,18,0.67,阿美族,15,0.83,0,0,15,3,0,0,0,0,0,0,0,0,0,0,0,0,0,0,0
縣立月眉國小,花蓮縣壽豐鄉月眉國民小學,國小,花蓮縣,公立,是,是,[974]花蓮縣壽豐鄉月眉村月眉三段24號,(03)8631011,http://www.ymps.hlc.edu.tw,6,29,24,0.83,阿美族,22,0.92,0,0,22,1,0,0,0,0,0,0,0,0,0,1,0,0,0,0,0
縣立水璉國小,花蓮縣壽豐鄉水璉國民小學,國小,花蓮縣,公立,是,是,[974]花蓮縣壽豐鄉水璉村水璉二街20號,(03)8601228,http://www.sulps.hlc.edu.tw,6,30,21,0.7,阿美族,20,0.95,0,0,20,0,0,0,0,0,0,0,0,0,0,1,0,0,0,0,0
縣立大榮國小,花蓮縣鳳林鎮大榮國民小學,國小,花蓮縣,公立,是,是,[975]花蓮縣鳳林鎮大榮里復興路85號,(03)8763904,http://www.dlps.hlc.edu.tw,6,38,22,0.58,阿美族/布農族,12,0.55,7,0.32,12,1,0,7,0,0,0,0,0,0,0,2,0,0,0,0,0
光復國小,花蓮縣光復鄉光復國民小學,國小,花蓮縣,公立,是,是,[976]花蓮縣光復鄉大馬村中山路三段75號,(03)8701029,http://www.kfps.hlc.edu.tw,8,144,103,0.72,阿美族,90,0.87,0,0,90,2,1,0,1,0,1,0,0,0,3,5,0,0,0,0,0
太巴塱國小,花蓮縣光復鄉太巴塱國民小學,國小,花蓮縣,公立,是,是,[976]花蓮縣光復鄉中正路二段23號,(03)8701134,http://www.tplps.hlc.edu.tw,6,100,90,0.9,阿美族,89,0.99,0,0,89,1,0,0,0,0,0,0,0,0,0,0,0,0,0,0,0
縣立瑞穗國小,花蓮縣瑞穗鄉瑞穗國民小學,國小,花蓮縣,公立,是,是,[978]花蓮縣瑞穗鄉溫泉路一段19號,(03)8876366,http://www.zshps.hlc.edu.tw,13,237,107,0.45,阿美族,64,0.6,0,0,64,4,1,11,0,1,1,0,0,0,0,22,3,0,0,0,0
縣立瑞美國小,花蓮縣瑞穗鄉瑞美國民小學,國小,花蓮縣,公立,是,是,[978]花蓮縣瑞穗鄉中山路二段389號,(03)8872014,http://www.zmeps.hlc.edu.tw,6,45,22,0.49,阿美族,21,0.95,0,0,21,1,0,0,0,0,0,0,0,0,0,0,0,0,0,0,0
縣立鶴岡國小,花蓮縣瑞穗鄉鶴岡國民小學,國小,花蓮縣,公立,是,是,[978]花蓮縣瑞穗鄉鶴岡村167號,(03)8872740,http://www.hgps.hlc.edu.tw,6,16,14,0.88,阿美族,14,1,0,0,14,0,0,0,0,0,0,0,0,0,0,0,0,0,0,0,0
縣立舞鶴國小,花蓮縣瑞穗鄉舞鶴國民小學,國小,花蓮縣,公立,是,是,[978]花蓮縣瑞穗鄉舞鶴村64號,(03)8872394,http://www.whps.hlc.edu.tw,6,29,23,0.79,阿美族,16,0.7,0,0,16,0,0,3,0,0,0,0,0,0,0,0,4,0,0,0,0
縣立富源國小,花蓮縣瑞穗鄉富源國民小學,國小,花蓮縣,公立,是,是,[978]花蓮縣瑞穗鄉富源村30號,(03)8811029,http://www.fyps.hlc.edu.tw,6,78,59,0.76,阿美族,51,0.86,0,0,51,1,0,4,0,0,0,0,0,0,0,3,0,0,0,0,0
縣立豐濱國小,花蓮縣豐濱鄉豐濱國民小學,國小,花蓮縣,公立,是,是,[977]花蓮縣豐濱鄉豐濱村民族街5號,(03)8791111,http://www.fbps.hlc.edu.tw,6,48,37,0.77,阿美族,33,0.89,0,0,33,0,0,0,0,0,0,0,0,0,3,1,0,0,0,0,0
港口國小,花蓮縣豐濱鄉港口國民小學,國小,花蓮縣,公立,是,是,[977]花蓮縣豐濱鄉港口村43號,(03)8781037,http://www.gkps.hlc.edu.tw,5,14,14,1,阿美族,14,1,0,0,14,0,0,0,0,0,0,0,0,0,0,0,0,0,0,0,0
縣立靜浦國小,花蓮縣豐濱鄉靜浦國民小學,國小,花蓮縣,公立,是,是,[977]花蓮縣豐濱鄉靜浦村64號,(03)8781021,http://www.zpps.hlc.edu.tw,6,14,13,0.93,阿美族,13,1,0,0,13,0,0,0,0,0,0,0,0,0,0,0,0,0,0,0,0
縣立觀音國小,花蓮縣玉里鎮觀音國民小學,國小,花蓮縣,公立,是,是,[981]花蓮縣玉里鎮觀音里16鄰9號,(03)8851006,http://www.gips.hlc.edu.tw/,6,16,12,0.75,阿美族/布農族,8,0.67,4,0.33,8,0,0,4,0,0,0,0,0,0,0,0,0,0,0,0,0
縣立高寮國小,花蓮縣玉里鎮高寮國民小學,國小,花蓮縣,公立,是,是,[981]花蓮縣玉里鎮高寮92號,(03)8851078,http://www.glps.hlc.edu.tw,6,46,30,0.65,阿美族,27,0.9,0,0,27,1,0,1,1,0,0,0,0,0,0,0,0,0,0,0,0
縣立松浦國小,花蓮縣玉里鎮松浦國民小學,國小,花蓮縣,公立,是,是,[981]花蓮縣玉里鎮松浦里12鄰212號,(03)8851131,http://www.spups.hlc.edu.tw,6,54,45,0.83,阿美族,44,0.98,0,0,44,1,0,0,0,0,0,0,0,0,0,0,0,0,0,0,0
縣立春日國小,花蓮縣玉里鎮春日國民小學,國小,花蓮縣,公立,是,是,[981]花蓮縣玉里鎮春日里泰林95號,(03)8872628,http://www.czips.hlc.edu.tw,6,39,31,0.79,阿美族,29,0.94,0,0,29,1,0,1,0,0,0,0,0,0,0,0,0,0,0,0,0
德武國小,花蓮縣玉里鎮德武國民小學,國小,花蓮縣,公立,是,是,[981]花蓮縣玉里鎮德武里9鄰171號,(03)8872824,http://www.dwes.hlc.edu.tw,6,27,27,1,阿美族,27,1,0,0,27,0,0,0,0,0,0,0,0,0,0,0,0,0,0,0,0
縣立明里國小,花蓮縣富里鄉明里國民小學,國小,花蓮縣,公立,是,是,[983]花蓮縣富里鄉明里村1鄰16號,(03)8846003,http://www.mrps.hlc.edu.tw,6,33,18,0.55,阿美族/布農族,11,0.61,6,0.33,11,0,0,6,0,0,0,0,0,0,0,1,0,0,0,0,0
縣立吳江國小,花蓮縣富里鄉吳江國民小學,國小,花蓮縣,公立,是,是,[983]花蓮縣富里鄉吳江村6鄰52號,(03)8861242,http://www.wcps.hlc.edu.tw/,6,24,13,0.54,阿美族/布農族,9,0.69,4,0.31,9,0,0,4,0,0,0,0,0,0,0,0,0,0,0,0,0
縣立學田國小,花蓮縣富里鄉學田國民小學,國小,花蓮縣,公立,是,是,[983]花蓮縣富里鄉學田村光明路1號,(03)8831324,http://www.stps.hlc.edu.tw,6,34,15,0.44,阿美族,12,0.8,0,0,12,0,0,3,0,0,0,0,0,0,0,0,0,0,0,0,0
縣立永豐國小,花蓮縣富里鄉永豐國民小學,國小,花蓮縣,公立,是,是,[983]花蓮縣富里鄉豐南村永豐84號,(03)8831195,http://www.yfps.hlc.edu.tw,6,27,21,0.78,阿美族,21,1,0,0,21,0,0,0,0,0,0,0,0,0,0,0,0,0,0,0,0
奇美國小,花蓮縣瑞穗鄉奇美國民小學,國小,花蓮縣,公立,是,是,[978]花蓮縣瑞穗鄉奇美村47號,(03)8991077,http://www.gmps.hlc.edu.tw,6,9,8,0.89,阿美族,7,0.88,0,0,7,0,0,1,0,0,0,0,0,0,0,0,0,0,0,0,0
縣立西富國小,花蓮縣光復鄉西富國民小學,國小,花蓮縣,公立,是,是,[976]花蓮縣光復鄉西富村民有街51巷3號,(03)8702765,http://www.sfps.hlc.edu.tw,6,29,17,0.59,阿美族,17,1,0,0,17,0,0,0,0,0,0,0,0,0,0,0,0,0,0,0,0
縣立大興國小,花蓮縣光復鄉大興國民小學,國小,花蓮縣,公立,是,是,[976]花蓮縣光復鄉大興村民權街17號,(03)8702987,http://www.dsps.hlc.edu.tw,6,36,24,0.67,阿美族,22,0.92,0,0,22,0,0,2,0,0,0,0,0,0,0,0,0,0,0,0,0
市立八斗國小,基隆市中正區八斗國民小學,國小,基隆市,公立,否,是,[202]基隆市中正區北寧路396巷52號,(02)24693391,http://www.bdps.kl.edu.tw,21,432,111,0.26,阿美族,105,0.95,0,0,105,1,2,0,2,0,0,0,0,0,0,1,0,0,0,0,0
縣立寶桑國中,臺東縣立寶桑國民中學,國中,臺東縣,公立,是,是,[950]臺東縣臺東市仁七街1號,(089)220011,http://www.tcbjh.ttct.edu.tw,17,379,137,0.36,阿美族,85,0.62,0,0,85,0,26,5,13,2,0,0,5,0,0,1,0,0,0,0,0
縣立卑南國中,臺東縣立卑南國民中學,國中,臺東縣,公立,是,是,[950]臺東縣臺東市更生北路766號,(089)224045,http://www.pnjh.ttct.edu.tw,14,263,160,0.61,阿美族/卑南族,72,0.45,51,0.32,72,5,13,13,51,3,0,0,0,1,0,2,0,0,0,0,0
縣立豐田國中,臺東縣立豐田國民中學,國中,臺東縣,公立,是,是,[950]臺東縣臺東市中興路四段611巷56弄27號,(089)380241,http://www.ftjh.ttct.edu.tw,9,200,117,0.59,阿美族,44,0.38,0,0,44,1,32,8,19,12,0,0,1,0,0,0,0,0,0,0,0
縣立鹿野國中,臺東縣立鹿野國民中學,國中,臺東縣,公立,是,是,[955]臺東縣鹿野鄉龍田村光榮路38號,(089)551006,http://www.lyjh.ttct.edu.tw/bin/home.php,7,116,74,0.64,阿美族/布農族,39,0.53,32,0.43,39,0,1,32,2,0,0,0,0,0,0,0,0,0,0,0,0
縣立瑞源國中,臺東縣立瑞源國民中學,國中,臺東縣,公立,是,是,[955]臺東縣鹿野鄉瑞和村瑞景路三段1號,(089)581425,http://www.ryjh.ttct.edu.tw,3,37,27,0.73,阿美族,24,0.89,0,0,24,0,0,3,0,0,0,0,0,0,0,0,0,0,0,0,0
縣立池上國中,臺東縣立池上國民中學,國中,臺東縣,公立,是,是,[958]臺東縣池上鄉新興村力學路88號,(089)862040,http://www.csjh.ttct.edu.tw,9,200,73,0.37,阿美族/布農族,41,0.56,28,0.38,41,1,2,28,1,0,0,0,0,0,0,0,0,0,0,0,0
縣立都蘭國中,臺東縣立都蘭國民中學,國中,臺東縣,公立,是,是,[959]臺東縣東河鄉都蘭村398號,(089)531234,http://www.tljh.ttct.edu.tw,6,103,59,0.57,阿美族,57,0.97,0,0,57,0,0,0,2,0,0,0,0,0,0,0,0,0,0,0,0
縣立泰源國中,臺東縣立泰源國民中學,國中,臺東縣,公立,是,是,[959]臺東縣東河鄉北源村3鄰30號,(089)891252,http://www.tyjh.ttct.edu.tw,6,107,89,0.83,阿美族,84,0.94,0,0,84,5,0,0,0,0,0,0,0,0,0,0,0,0,0,0,0
縣立新港國中,臺東縣立新港國民中學,國中,臺東縣,公立,是,是,[961]臺東縣成功鎮中正路1號,(089)851034,http://www.hkjh.ttct.edu.tw,12,272,135,0.5,阿美族,126,0.93,0,0,126,2,2,3,2,0,0,0,0,0,0,0,0,0,0,0,0
長濱國中,臺東長濱國民中學,國中,臺東縣,公立,是,是,[962]臺東縣長濱鄉長濱村15鄰180號,(089)831017,http://www.cpjhs.ttct.edu.tw,6,115,64,0.56,阿美族,56,0.88,0,0,56,3,1,1,0,0,0,0,0,0,2,1,0,0,0,0,0
玉東國中,花蓮玉東國民中學,國中,花蓮縣,公立,是,是,[981]花蓮縣玉里鎮松浦里松浦39號,(03)8851062,http://www.ytjh.hlc.edu.tw,6,89,72,0.81,阿美族,68,0.94,0,0,68,1,1,2,0,0,0,0,0,0,0,0,0,0,0,0,0
縣立美崙國中,花蓮縣立美崙國民中學,國中,花蓮縣,公立,是,是,[970]花蓮縣花蓮市化道路40巷1號,(03)8223537,http://www.mljh.hlc.edu.tw,20,476,196,0.41,阿美族,101,0.52,0,0,101,10,0,29,1,0,0,0,0,0,0,50,3,2,0,0,0
縣立壽豐國中,花蓮縣立壽豐國民中學,國中,花蓮縣,公立,是,是,[974]花蓮縣壽豐鄉豐裡村中山路132號,(03)8652111,http://www.sfjh.hlc.edu.tw,9,215,80,0.37,阿美族,74,0.93,0,0,74,1,2,0,0,0,0,0,0,0,0,3,0,0,0,0,0
光復國中,花蓮光復國民中學,國中,花蓮縣,公立,是,是,[976]花蓮縣光復鄉大馬村林森路200號,(03)8701027,http://www.kfjhs.hlc.edu.tw,11,233,147,0.63,阿美族,121,0.82,0,0,121,2,1,7,2,0,0,0,0,0,0,12,0,2,0,0,0
縣立富源國中,花蓮縣立富源國民中學,國中,花蓮縣,公立,是,是,[976]花蓮縣光復鄉大富村中山路一段2號,(03)8811002,http://www.fyjh.hlc.edu.tw,5,64,36,0.56,阿美族/布農族,18,0.5,17,0.47,18,0,0,17,0,0,0,0,0,0,1,0,0,0,0,0,0
豐濱國中,花蓮豐濱國民中學,國中,花蓮縣,公立,是,是,[977]花蓮縣豐濱鄉光豐路26號,(03)8791159,http://www.fpjh.hlc.edu.tw/,4,52,46,0.88,阿美族,40,0.87,0,0,40,0,1,1,0,0,0,0,0,0,3,1,0,0,0,0,0
縣立瑞穗國中,花蓮縣立瑞穗國民中學,國中,花蓮縣,公立,是,是,[978]花蓮縣瑞穗鄉成功北路18號,(03)8873111,http://www.zsjh.hlc.edu.tw,14,251,154,0.61,阿美族,91,0.59,0,0,91,1,2,21,0,0,0,0,0,0,0,34,2,3,0,0,0
縣立自強國中,花蓮縣立自強國民中學,國中,花蓮縣,公立,是,是,[970]花蓮縣花蓮市裕祥路89號,(03)8579338,http://www.zcjh.hlc.edu.tw,26,702,243,0.35,阿美族,130,0.53,0,0,130,12,3,12,3,2,0,0,0,0,2,64,12,3,0,0,0
縣立化仁國中,花蓮縣立化仁國民中學,國中,花蓮縣,公立,是,是,[973]花蓮縣吉安鄉東昌村東海十街3號,(03)8543471,http://www.hrjh.hlc.edu.tw,15,316,165,0.52,阿美族,130,0.79,0,0,130,7,2,3,2,0,0,0,0,0,2,16,2,1,0,0,0
私立淡江高中,新北市私立淡江高級中學,完全中學,新北市,私立,否,否,[251]新北市淡水區真理街26號,(02)26203850 ,http://www.tksh.ntpc.edu.tw ,63,2201,42,0.02,阿美族/泰雅族,19,0.45,14,0.33,19,14,4,5,0,0,0,0,0,0,0,0,0,0,0,0,0
市立樹林高中,新北市立樹林高級中學,完全中學,新北市,公立,否,是,[238]新北市樹林區中華路8號,(02)86852011 ,http://www.slsh.ntpc.edu.tw,93,2701,203,0.08,阿美族,137,0.67,0,0,137,13,17,15,3,1,0,5,0,0,1,9,2,0,0,0,0
市立金山高中,新北市立金山高級中學,完全中學,新北市,公立,否,否,[208]新北市金山區美田里文化二路2號,(02)24982028,http://www.cshs.ntpc.edu.tw,37,938,57,0.06,阿美族,25,0.44,0,0,25,17,6,7,1,0,0,0,0,0,0,1,0,0,0,0,0
國立臺東大學附屬體育高中,國立臺東大學附屬體育高級中學,完全中學,臺東縣,公立,是,是,[950]臺東縣臺東市體中路1號,(089)383629,http://www.ntpehs.ttct.edu.tw,21,401,309,0.77,阿美族,149,0.48,0,0,149,10,48,19,51,15,0,0,6,0,0,1,0,0,0,0,0
私立育仁高中,臺東縣私立育仁高級中學,完全中學,臺東縣,私立,是,是,[950]臺東縣臺東市中興路四段485號,(089)382839  ,http://www.lotus.ttct.edu.tw,12,246,76,0.31,阿美族,30,0.39,0,0,30,1,12,11,16,4,0,0,1,0,0,1,0,0,0,0,0
私立海星高中,花蓮縣私立海星高級中學,完全中學,花蓮縣,私立,是,是,[971]花蓮縣新城鄉嘉新村嘉新路36號,(03)8223116,http://www.smhs.hlc.edu.tw,33,1184,494,0.42,阿美族,269,0.54,0,0,269,19,17,32,2,1,0,1,3,0,2,144,2,2,0,0,0
八斗高中,基隆市立八斗高級中學,完全中學,基隆市,公立,否,否,[202]基隆市中正區新豐街100號,(02)24692366,http://www.bdjh.kl.edu.tw ,26,483,127,0.26,阿美族,119,0.94,0,0,119,4,2,1,0,0,0,0,0,0,0,1,0,0,0,0,0
私立南強工商,新北市私立南強高級工商職業學校,高級中等學校,新北市,私立,否,否,[231]新北市新店區文化路42號,(02)29155144,http://www.ncvs.ntpc.edu.tw/ ,53,1624,85,0.05,阿美族,44,0.52,0,0,44,13,9,12,0,0,0,1,3,0,0,3,0,0,0,0,0
私立莊敬工家,新北市私立莊敬高級工業家事職業學校,高級中等學校,新北市,私立,否,否,[231]新北市新店區民生路45號,(02)22188956 ,http://www.jjvs.ntpc.edu.tw,107,4774,266,0.06,阿美族,130,0.49,0,0,130,58,22,25,6,1,0,4,1,0,0,17,1,1,0,0,0
私立光啟高中,光啟學校財團法人桃園市光啟高級中等學校,高級中等學校,桃園市,私立,否,否,[333]桃園市龜山區自由街40號,(02)82098313,http://www.phsh.tyc.edu.tw,42,1488,98,0.07,阿美族,69,0.7,0,0,69,7,5,6,1,0,1,2,0,0,0,7,0,0,0,0,0
私立高苑工商,高雄縣私立高苑高級工商職業學校,高級中等學校,高雄市,私立,否,是,[825]高雄市橋頭區東林里芋寮路1號,(07)6111101,http://www.kyvs.ks.edu.tw,69,1861,110,0.06,阿美族/排灣族,35,0.32,33,0.3,35,9,33,19,2,4,3,0,1,0,0,2,0,0,1,1,0
台東高中,國立台東高級中學,高級中等學校,臺東縣,公立,否,否,[950]臺東縣臺東市中華路一段721號,(089)322070  ,http://www.pttsh.ttct.edu.tw ,32,951,267,0.28,阿美族,85,0.32,0,0,85,1,73,52,28,20,0,0,6,0,0,2,0,0,0,0,0
國立臺東專科學校(高職部),國立臺東專校附設高職部,高級中等學校,臺東縣,公立,是,是,[950]臺東縣臺東市正氣北路889號,(089)226389,http://www.ntc.edu.tw,36,955,422,0.44,阿美族,196,0.46,0,0,196,6,98,43,56,11,0,0,9,0,0,3,0,0,0,0,0
國立臺東高商,國立臺東高級商業職業學校,高級中等學校,臺東縣,公立,是,是,[950]臺東縣臺東市正氣路440號,(089)350575,http://www.tscvs.ttct.edu.tw,37,1014,364,0.36,阿美族,163,0.45,0,0,163,7,75,31,55,10,0,0,20,0,0,3,0,0,0,0,0
國立成功商水,國立成功商業水產職業學校,高級中等學校,臺東縣,公立,是,是,[961]臺東縣成功鎮太平路52號,(089)850011,http://www.ckvs.ttct.edu.tw,12,200,116,0.58,阿美族,93,0.8,0,0,93,1,7,8,2,1,0,1,1,0,1,1,0,0,0,0,0
私立公東高工,台東縣私立公東高級工業職業學校,高級中等學校,臺東縣,私立,是,是,[950]臺東縣臺東市中興路1段560號,(089)222877,http://www.ktus.ttct.edu.tw,34,1116,473,0.42,阿美族,222,0.47,0,0,222,6,128,30,65,12,0,0,7,0,0,2,0,1,0,0,0
國立玉里高中,國立玉里高級中學,高級中等學校,花蓮縣,公立,是,是,[981]花蓮縣玉里鎮中華路424號,(03)8886171,http://www.ylhs.hlc.edu.tw,32,537,257,0.48,阿美族/布農族,139,0.54,89,0.35,139,6,5,89,0,0,0,0,0,0,0,14,0,4,0,0,0
國立花蓮高農,國立花蓮高級農業職業學校,高級中等學校,花蓮縣,公立,是,是,[970]花蓮縣花蓮市建國路161號,(03)8312301,http://www.hla.hlc.edu.tw,35,776,393,0.51,阿美族,230,0.59,0,0,230,15,2,18,2,1,0,0,0,0,3,114,1,0,0,0,7
國立花蓮高工,國立花蓮高級工業職業學校,高級中等學校,花蓮縣,公立,是,是,[970]花蓮縣花蓮市府前路27號,(03)8226108,http://www.hlis.hlc.edu.tw,50,1256,449,0.36,阿美族,266,0.59,0,0,266,15,5,21,3,0,0,1,0,0,6,128,3,1,0,0,0
國立光復商工,國立光復高級商工職業學校,高級中等學校,花蓮縣,公立,是,是,[976]花蓮縣光復鄉林森路100號,(03)8700245,http://www.kfcivs.hlc.edu.tw,16,238,144,0.61,阿美族/太魯閣族,86,0.6,45,0.31,86,3,2,7,1,0,0,0,0,0,0,45,0,0,0,0,0
私立四維高中,四維學校財團法人花蓮縣四維高級中學,高級中等學校,花蓮縣,私立,是,是,[970]花蓮縣花蓮市中山路一段200號,(03)8561455,http://www.swsh.hlc.edu.tw,39,1681,635,0.38,阿美族/太魯閣族,333,0.52,207,0.33,333,29,5,43,2,1,0,0,0,0,6,207,7,2,0,0,0
花蓮縣上騰工商,花蓮縣上騰高級工商職業學校,高級中等學校,花蓮縣,私立,是,是,[973]花蓮縣吉安鄉吉安村吉興4街101號,(03)8538565,http://www.chvs.hlc.edu.tw,26,473,271,0.57,阿美族/太魯閣族,147,0.54,85,0.31,147,16,10,9,2,0,0,0,1,0,0,85,1,0,0,0,0
花蓮縣立體育高中,花蓮縣立體育高級中等學校,高級中等學校,花蓮縣,公立,是,是,[970]花蓮縣花蓮市達固湖灣大路21號,(03)8462610,http://mail.hpehs.hlc.edu.tw,6,106,76,0.72,阿美族,42,0.55,0,0,42,4,4,12,1,1,0,0,0,0,0,10,2,0,0,0,0
市立福山國小,新北市烏來區福山國民小學,國小,新北市,公立,是,是,[233]新北市烏來區福山里李茂岸56號,(02)26616124,http://www.fses.ntpc.edu.tw,6,15,12,0.8,泰雅族,10,0.83,0,0,1,10,0,1,0,0,0,0,0,0,0,0,0,0,0,0,0
四季國小,宜蘭縣大同鄉四季國民小學,國小,宜蘭縣,公立,是,是,[267]宜蘭縣大同鄉四季村和勳巷1號,(03)9809312,http://www.sches.ilc.edu.tw,16,78,78,1,泰雅族,78,1,0,0,0,78,0,0,0,0,0,0,0,0,0,0,0,0,0,0,0
縣立南山國小,宜蘭縣大同鄉南山國民小學,國小,宜蘭縣,公立,是,是,[267]宜蘭縣大同鄉南山村四鄰埤南巷31之3號,(03)9809113,http://www.nses.ilc.edu.tw,6,74,74,1,泰雅族,74,1,0,0,0,74,0,0,0,0,0,0,0,0,0,0,0,0,0,0,0
縣立大同國小,宜蘭縣大同鄉大同國民小學,國小,宜蘭縣,公立,是,是,[267]宜蘭縣大同鄉崙埤村10之9號,(03)9801172,http://www.dtes.ilc.edu.tw,18,86,82,0.95,泰雅族,82,1,0,0,0,82,0,0,0,0,0,0,0,0,0,0,0,0,0,0,0
縣立寒溪國小,宜蘭縣大同鄉寒溪國民小學,國小,宜蘭縣,公立,是,是,[267]宜蘭縣大同鄉寒溪村寒溪巷16號,(03)9517441,http://www.hsies.ilc.edu.tw,6,66,66,1,泰雅族,65,0.98,0,0,1,65,0,0,0,0,0,0,0,0,0,0,0,0,0,0,0
南澳國小,宜蘭縣南澳鄉南澳國民小學,國小,宜蘭縣,公立,是,是,[272]宜蘭縣南澳鄉南澳村中正路15號,(03)9981228,http://www.naes.ilc.edu.tw,6,81,79,0.98,泰雅族,77,0.97,0,0,1,77,0,1,0,0,0,0,0,0,0,0,0,0,0,0,0
縣立碧候國小,宜蘭縣南澳鄉碧候國民小學,國小,宜蘭縣,公立,是,是,[272]宜蘭縣南澳鄉碧候村自覺巷38號,(03)9981634,http://www.bhoes.ilc.edu.tw,6,88,84,0.95,泰雅族,82,0.98,0,0,1,82,0,1,0,0,0,0,0,0,0,0,0,0,0,0,0
武塔國小,宜蘭縣南澳鄉武塔國民小學,國小,宜蘭縣,公立,是,是,[272]宜蘭縣南澳鄉武塔村新溪路1號,(03)9981632,http://www.utaes.ilc.edu.tw,6,31,31,1,泰雅族,31,1,0,0,0,31,0,0,0,0,0,0,0,0,0,0,0,0,0,0,0
縣立澳花國小,宜蘭縣南澳鄉澳花國民小學,國小,宜蘭縣,公立,是,是,[272]宜蘭縣南澳鄉澳花村中央路19號,(03)9985141,http://blog.ilc.edu.tw/blog/blog/28531,6,87,87,1,泰雅族,76,0.87,0,0,5,76,2,0,0,1,0,0,0,0,0,3,0,0,0,0,0
縣立東澳國小,宜蘭縣南澳鄉東澳國民小學,國小,宜蘭縣,公立,是,是,[272]宜蘭縣南澳鄉東岳村蘇花路三段209號,(03)9986217,http://www.daes.ilc.edu.tw,6,58,49,0.84,泰雅族,49,1,0,0,0,49,0,0,0,0,0,0,0,0,0,0,0,0,0,0,0
縣立金岳國小,宜蘭縣南澳鄉金岳國民小學,國小,宜蘭縣,公立,是,是,[272]宜蘭縣南澳鄉金岳村 (路) 二號,(03)9981636,http://blog.ilc.edu.tw/blog/blog/29956,6,46,46,1,泰雅族,44,0.96,0,0,0,44,0,2,0,0,0,0,0,0,0,0,0,0,0,0,0
縣立金洋國小,宜蘭縣南澳鄉金洋國民小學,國小,宜蘭縣,公立,是,是,[272]宜蘭縣南澳鄉金洋村11號,(03)9981486,http://www.kyes.ilc.edu.tw,6,39,39,1,泰雅族,37,0.95,0,0,0,37,0,0,0,0,0,0,0,0,0,1,0,1,0,0,0
市立介壽國小,桃園市復興區介壽國民小學,國小,桃園市,公立,是,是,[336]桃園市復興區澤仁里中正路33號,(03)3822364,http://www.jses.tyc.edu.tw,6,78,59,0.76,泰雅族,58,0.98,0,0,0,58,1,0,0,0,0,0,0,0,0,0,0,0,0,0,0
市立三民國小,桃園市復興區三民國民小學,國小,桃園市,公立,是,是,[336]桃園市復興區三民里十一鄰57號,(03)3825294,http://www.sames.tyc.edu.tw,6,73,45,0.62,泰雅族,43,0.96,0,0,0,43,0,0,0,0,0,0,0,0,0,0,0,2,0,0,0
市立義盛國小,桃園市復興區義盛國民小學,國小,桃園市,公立,是,是,[336]桃園市復興區義盛里一鄰11號,(03)3822787,http://www.ysps.tyc.edu.tw,6,40,40,1,泰雅族,40,1,0,0,0,40,0,0,0,0,0,0,0,0,0,0,0,0,0,0,0
市立霞雲國小,桃園市復興區霞雲國民小學,國小,桃園市,公立,是,是,[336]桃園市復興區霞雲里六鄰14號,(03)3822224,http://www.hyps.tyc.edu.tw,6,25,23,0.92,泰雅族,23,1,0,0,0,23,0,0,0,0,0,0,0,0,0,0,0,0,0,0,0
市立奎輝國小,桃園市復興區奎輝國民小學,國小,桃園市,公立,是,是,[336]桃園市復興區奎輝里三鄰25號,(03)3822177,http://163.30.109.57,6,40,40,1,泰雅族,40,1,0,0,0,40,0,0,0,0,0,0,0,0,0,0,0,0,0,0,0
市立光華國小,桃園市復興區光華國民小學,國小,桃園市,公立,是,是,[336]桃園市復興區華陵里四鄰12號,(03)3912325,http://www.khes.tyc.edu.tw,6,24,24,1,泰雅族,24,1,0,0,0,24,0,0,0,0,0,0,0,0,0,0,0,0,0,0,0
市立高義國小,桃園市復興區高義國民小學,國小,桃園市,公立,是,是,[336]桃園市復興區高義里三鄰28號,(03)3912251,http://www.gyes.tyc.edu.tw,6,45,41,0.91,泰雅族,40,0.98,0,0,1,40,0,0,0,0,0,0,0,0,0,0,0,0,0,0,0
市立長興國小,桃園市復興區長興國民小學,國小,桃園市,公立,是,是,[336]桃園市復興區長興里十六鄰頭角43號,(03)3822178,http://www.cses.tyc.edu.tw/,6,30,30,1,泰雅族,30,1,0,0,0,30,0,0,0,0,0,0,0,0,0,0,0,0,0,0,0
市立三光國小,桃園市復興區三光國民小學,國小,桃園市,公立,是,是,[336]桃園市復興區三光里四鄰8號,(03)3912230,http://www.skes.tyc.edu.tw,6,32,32,1,泰雅族,32,1,0,0,0,32,0,0,0,0,0,0,0,0,0,0,0,0,0,0,0
市立羅浮國小,桃園市復興區羅浮國民小學,國小,桃園市,公立,是,是,[336]桃園市復興區羅浮里三鄰16號,(03)3822269,http://163.30.110.180,10,55,49,0.89,泰雅族,48,0.98,0,0,1,48,0,0,0,0,0,0,0,0,0,0,0,0,0,0,0
市立巴崚國小,桃園市復興區巴崚國民小學,國小,桃園市,公立,是,是,[336]桃園市復興區華陵里九鄰75號,(03)3912131,http://www.bles.tyc.edu.tw/,6,46,45,0.98,泰雅族,44,0.98,0,0,1,44,0,0,0,0,0,0,0,0,0,0,0,0,0,0,0
縣立竹東國小,新竹縣竹東鎮竹東國民小學,國小,新竹縣,公立,否,是,[310]新竹縣竹東鎮康寧街1號,(03)5962025,http://www.cdes.hcc.edu.tw/front/bin/home.phtml,21,503,127,0.25,泰雅族,113,0.89,0,0,4,113,0,0,0,0,0,6,0,0,0,4,0,0,0,0,0
大同國小,新竹縣竹東鎮大同國民小學,國小,新竹縣,公立,否,是,[310]新竹縣竹東鎮莊敬路111號,(03)5961160,http://www.dtes.hcc.edu.tw,60,1589,161,0.1,泰雅族,121,0.75,0,0,12,121,1,4,0,0,1,16,1,0,0,1,0,4,0,0,0
縣立尖石國小,新竹縣尖石鄉尖石國民小學,國小,新竹縣,公立,是,是,[313]新竹縣尖石鄉嘉樂村六鄰7號,(03)5841563,http://www.gsps.hcc.edu.tw,6,21,19,0.9,泰雅族,19,1,0,0,0,19,0,0,0,0,0,0,0,0,0,0,0,0,0,0,0
縣立嘉興國小,新竹縣尖石鄉嘉興國民小學,國小,新竹縣,公立,是,是,[313]新竹縣尖石鄉嘉樂村三鄰177號,(03)5841004,http://www.jsps.hcc.edu.tw,11,87,83,0.95,泰雅族,81,0.98,0,0,0,81,0,2,0,0,0,0,0,0,0,0,0,0,0,0,0
縣立新樂國小,新竹縣尖石鄉新樂國民小學,國小,新竹縣,公立,是,是,[313]新竹縣尖石鄉新樂村一鄰10號,(03)5841500,http://www.hles.hcc.edu.tw,7,123,112,0.91,泰雅族,112,1,0,0,0,112,0,0,0,0,0,0,0,0,0,0,0,0,0,0,0
縣立梅花國小,新竹縣尖石鄉梅花國民小學,國小,新竹縣,公立,是,是,[313]新竹縣尖石鄉梅花村1鄰25號,(03)5841501,http://www.mhes.hcc.edu.tw,6,62,62,1,泰雅族,62,1,0,0,0,62,0,0,0,0,0,0,0,0,0,0,0,0,0,0,0
縣立錦屏國小,新竹縣尖石鄉錦屏國民小學,國小,新竹縣,公立,是,是,[313]新竹縣尖石鄉錦屏村十鄰116號,(03)5841633,http://www.gpes.hcc.edu.tw,6,43,42,0.98,泰雅族,42,1,0,0,0,42,0,0,0,0,0,0,0,0,0,0,0,0,0,0,0
縣立玉峰國小,新竹縣尖石鄉玉峰國民小學,國小,新竹縣,公立,是,是,[313]新竹縣尖石鄉玉峰村五鄰59號,(03)5847200,http://www.yfes.hcc.edu.tw,6,31,30,0.97,泰雅族,30,1,0,0,0,30,0,0,0,0,0,0,0,0,0,0,0,0,0,0,0
縣立石磊國小,新竹縣尖石鄉石磊國民小學,國小,新竹縣,公立,是,是,[313]新竹縣尖石鄉玉峰村十鄰49號,(03)5847001,http://www.sles.hcc.edu.tw,6,31,31,1,泰雅族,31,1,0,0,0,31,0,0,0,0,0,0,0,0,0,0,0,0,0,0,0
縣立秀巒國小,新竹縣尖石鄉秀巒國民小學,國小,新竹縣,公立,是,是,[313]新竹縣尖石鄉秀巒村四鄰19號,(03)5847500,http://www.slps.hcc.edu.tw,12,74,72,0.97,泰雅族,70,0.97,0,0,2,70,0,0,0,0,0,0,0,0,0,0,0,0,0,0,0
縣立新光國小,新竹縣尖石鄉新光國民小學,國小,新竹縣,公立,是,是,[313]新竹縣尖石鄉秀巒村八鄰17號,(03)5847706,http://www.hkps.hcc.edu.tw,9,60,60,1,泰雅族,60,1,0,0,0,60,0,0,0,0,0,0,0,0,0,0,0,0,0,0,0
縣立五峰國小,新竹縣五峰鄉五峰國民小學,國小,新竹縣,公立,是,是,[311]新竹縣五峰鄉大隘村六鄰123號,(03)5851007,http://www.wfes.hcc.edu.tw,6,73,73,1,泰雅族/賽夏族,46,0.63,27,0.37,0,46,0,0,0,0,0,27,0,0,0,0,0,0,0,0,0
縣立桃山國小,新竹縣五峰鄉桃山國民小學,國小,新竹縣,公立,是,是,[311]新竹縣五峰鄉桃山村15鄰243號,(03)5856040,http://www.tses.hcc.edu.tw,6,66,65,0.98,泰雅族,61,0.94,0,0,1,61,0,2,0,0,0,1,0,0,0,0,0,0,0,0,0
縣立花園國小,新竹縣五峰鄉花園國民小學,國小,新竹縣,公立,是,是,[311]新竹縣五峰鄉花園村八鄰174號,(03)5851091,http://www.hyes.hcc.edu.tw,12,34,34,1,泰雅族,33,0.97,0,0,0,33,0,0,0,0,0,0,0,0,0,0,0,0,0,0,1
縣立上館國小,新竹縣竹東鎮上館國民小學,國小,新竹縣,公立,否,是,[310]新竹縣竹東鎮中豐路二段399號,(03)5103777,http://www.sqes.hcc.edu.tw,42,1089,189,0.17,泰雅族,147,0.78,0,0,13,147,1,4,0,0,0,22,2,0,0,0,0,0,0,0,0
縣立南庄國小,苗栗縣南庄鄉南庄國民小學,國小,苗栗縣,公立,是,是,[353]苗栗縣南庄鄉東村文化路3號,(037)822007,http://www.nanjuanges.mlc.edu.tw,7,146,53,0.36,泰雅族/賽夏族,29,0.55,24,0.45,0,29,0,0,0,0,0,24,0,0,0,0,0,0,0,0,0
泰興國小,苗栗縣泰安鄉泰興國民小學,國小,苗栗縣,公立,是,是,[365]苗栗縣泰安鄉中興村1鄰2號,(037)992852,http://www.tses.mlc.edu.tw,6,28,27,0.96,泰雅族,26,0.96,0,0,0,26,0,1,0,0,0,0,0,0,0,0,0,0,0,0,0
縣立清安國小,苗栗縣泰安鄉清安國民小學,國小,苗栗縣,公立,是,是,[365]苗栗縣泰安鄉清安村六鄰122號,(037)941042,http://web.ca.mlc.edu.tw,6,18,14,0.78,泰雅族,14,1,0,0,0,14,0,0,0,0,0,0,0,0,0,0,0,0,0,0,0
汶水國小,苗栗縣泰安鄉汶水國民小學,國小,苗栗縣,公立,是,是,[365]苗栗縣泰安鄉錦水村四鄰12號,(037)941037,https://www.ws.mlc.edu.tw/,9,53,48,0.91,泰雅族,39,0.81,0,0,3,39,2,2,0,0,0,2,0,0,0,0,0,0,0,0,0
縣立象鼻國小,苗栗縣泰安鄉象鼻國民小學,國小,苗栗縣,公立,是,是,[365]苗栗縣泰安鄉象鼻村一鄰4號,(037)962270,http://www.cnbe.mlc.edu.tw/,6,37,36,0.97,泰雅族,36,1,0,0,0,36,0,0,0,0,0,0,0,0,0,0,0,0,0,0,0
縣立梅園國小,苗栗縣泰安鄉梅園國民小學,國小,苗栗縣,公立,是,是,[365]苗栗縣泰安鄉梅園村二鄰38號,(037)962146,http://www.my.mlc.edu.tw,6,43,42,0.98,泰雅族,41,0.98,0,0,0,41,0,0,0,0,0,0,0,0,0,0,0,1,0,0,0
縣立士林國小,苗栗縣泰安鄉士林國民小學,國小,苗栗縣,公立,是,是,[365]苗栗縣泰安鄉士林村5鄰26號,(037)962050,http://web.shlines.mlc.edu.tw,6,27,27,1,泰雅族,27,1,0,0,0,27,0,0,0,0,0,0,0,0,0,0,0,0,0,0,0
市立和平區和平國小,臺中市和平區和平國民小學,國小,臺中市,公立,是,是,[424]臺中市和平區南勢里東關路三段54號,(04)25941304,http://www.hpps.tc.edu.tw,6,43,22,0.51,泰雅族,20,0.91,0,0,2,20,0,0,0,0,0,0,0,0,0,0,0,0,0,0,0
市立白冷國小,臺中市和平區白冷國民小學,國小,臺中市,公立,是,是,[424]臺中市和平區天輪里東關路二路天輪巷42號,(04)25941184,http://www.plps.tc.edu.tw,6,30,17,0.57,泰雅族,16,0.94,0,0,1,16,0,0,0,0,0,0,0,0,0,0,0,0,0,0,0
市立博屋瑪國小,臺中市博屋瑪國民小學,國小,臺中市,公立,是,是,[424]臺中市和平區達觀里育英巷6號,(04)25911487,http://www.tges.tc.edu.tw/,6,63,61,0.97,泰雅族,58,0.95,0,0,0,58,0,2,0,0,1,0,0,0,0,0,0,0,0,0,0
市立平等國小,臺中市和平區平等國民小學,國小,臺中市,公立,是,是,[424]臺中市和平區中興路三段環山3巷35號,(04)25802204,http://www.pdes.tc.edu.tw,6,37,31,0.84,泰雅族,30,0.97,0,0,0,30,0,1,0,0,0,0,0,0,0,0,0,0,0,0,0
市立博愛國小,臺中市和平區博愛國民小學,國小,臺中市,公立,是,是,[424]臺中市和平區博愛里東關路一段松鶴三巷10號,(04)25943446,http://www.baes.tc.edu.tw,12,66,43,0.65,泰雅族,38,0.88,0,0,2,38,1,0,0,0,2,0,0,0,0,0,0,0,0,0,0
市立自由國小,臺中市和平區自由國民小學,國小,臺中市,公立,是,是,[424]臺中市和平區自由里東崎路二段49號,(04)25911342,http://www.yyps.tc.edu.tw,12,51,40,0.78,泰雅族,29,0.73,0,0,2,29,4,4,0,0,0,1,0,0,0,0,0,0,0,0,0
縣立親愛國小,南投縣仁愛鄉親愛國民小學,國小,南投縣,公立,是,是,[546]南投縣仁愛鄉親愛村高平路3號,(049)2974033,http://www.caps.ntct.edu.tw,12,97,86,0.89,泰雅族/賽德克族,44,0.51,36,0.42,0,44,2,3,0,0,0,0,0,0,0,1,0,36,0,0,0
縣立力行國小,南投縣仁愛鄉力行國民小學,國小,南投縣,公立,是,是,[546]南投縣仁愛鄉力行村新望洋67號,(049)2955078,http://www.lhes.ntct.edu.tw,10,35,35,1,泰雅族,34,0.97,0,0,0,34,0,0,0,0,0,0,0,0,0,0,0,1,0,0,0
縣立發祥國小,南投縣仁愛鄉發祥國民小學,國小,南投縣,公立,是,是,[546]南投縣仁愛鄉發祥村光復巷24號,(049)2955030,http://www.fsnps.ntct.edu.tw,6,11,11,1,泰雅族,9,0.82,0,0,0,9,0,0,0,0,0,0,0,0,0,0,0,2,0,0,0
縣立紅葉國小,南投縣仁愛鄉紅葉國民小學,國小,南投縣,公立,是,是,[546]南投縣仁愛鄉發祥村仁盛路70號,(049)2955075,http://www.hyps.ntct.edu.tw,6,20,20,1,泰雅族,20,1,0,0,0,20,0,0,0,0,0,0,0,0,0,0,0,0,0,0,0
市立烏來國中小,新北市立烏來國民中小學,國中小,新北市,公立,是,是,[233]新北市烏來區啦卡路5號,(02)26616482,http://www.wups.ntpc.edu.tw/default_page.asp,10,112,97,0.87,泰雅族,97,1,0,0,0,97,0,0,0,0,0,0,0,0,0,0,0,0,0,0,0
縣立泰安國中小,苗栗縣立泰安國民中小學,國中小,苗栗縣,公立,是,是,[365]苗栗縣泰安鄉大興村32之1號,(037)991224,http://web.taian.mlc.edu.tw,8,31,26,0.84,泰雅族,25,0.96,0,0,0,25,0,1,0,0,0,0,0,0,0,0,0,0,0,0,0
市立梨山國中小,臺中市立梨山國民中小學,國中小,臺中市,公立,是,是,[424]臺中市和平區梨山里福壽路10號,(04)25981510,http://www.lses.tc.edu.tw,12,186,90,0.48,泰雅族/阿美族,42,0.47,29,0.32,29,42,1,13,0,0,0,0,0,2,0,2,0,1,0,0,0
大同國中,宜蘭大同國民中學,國中,宜蘭縣,公立,是,是,[267]宜蘭縣大同鄉太平村一鄰泰雅路四段35號,(03)9809611,http://www.dtjh.ilc.edu.tw,4,58,52,0.9,泰雅族,50,0.96,0,0,0,50,0,0,0,0,0,0,0,0,0,0,0,0,0,0,2
市立介壽國中,桃園市立介壽國民中學,國中,桃園市,公立,是,是,[336]桃園市復興區澤仁里中正路248號,(03)3822315,http://www.jsjh.tyc.edu.tw,10,184,171,0.93,泰雅族,165,0.96,0,0,4,165,0,1,0,0,0,0,0,0,0,1,0,0,0,0,0
縣立竹東國中,新竹縣立竹東國民中學,國中,新竹縣,公立,否,是,[310]新竹縣竹東鎮公園路8號,(03)5961207,http://www.cdjh.hcc.edu.tw,37,910,166,0.18,泰雅族,141,0.85,0,0,6,141,0,2,0,0,0,12,0,0,0,3,0,2,0,0,0
縣立員東國中,新竹縣立員東國民中學,國中,新竹縣,公立,否,是,[310]新竹縣竹東鎮東峰路521號,(03)5963324,http://www.ydjh.hcc.edu.tw,11,189,89,0.47,泰雅族,71,0.8,0,0,2,71,1,1,0,0,0,13,0,0,0,1,0,0,0,0,0
縣立五峰國中,新竹縣立五峰國民中學,國中,新竹縣,公立,是,是,[311]新竹縣五峰鄉大隘村六鄰113號,(03)5851006,http://www.wfjh.hcc.edu.tw,4,70,70,1,泰雅族,61,0.87,0,0,0,61,0,1,0,0,0,8,0,0,0,0,0,0,0,0,0
縣立尖石國中,新竹縣立尖石國民中學,國中,新竹縣,公立,是,是,[313]新竹縣尖石鄉嘉樂村三鄰八十號,(03)5841027,http://www.gsjh.hcc.edu.tw,10,234,227,0.97,泰雅族,224,0.99,0,0,1,224,0,2,0,0,0,0,0,0,0,0,0,0,0,0,0
縣立自強國中,新竹縣立自強國民中學,國中,新竹縣,公立,否,是,[310]新竹縣竹東鎮自強路169號,(03)5103291,http://www.jcjh.hcc.edu.tw,35,908,133,0.15,泰雅族,104,0.78,0,0,12,104,2,0,0,0,0,12,0,0,0,3,0,0,0,0,0
市立和平國中,臺中市立和平國民中學,國中,臺中市,公立,是,是,[424]臺中市和平區東關路三段崑崙巷62號,(04)25941512,http://www.hpjh.tc.edu.tw,6,43,24,0.56,泰雅族,22,0.92,0,0,2,22,0,0,0,0,0,0,0,0,0,0,0,0,0,0,0
南澳高中,宜蘭南澳高級中學,完全中學,宜蘭縣,公立,是,是,[272]宜蘭縣南澳鄉蘇花路2段301號,(03)9981024,http://www.nojh.ilc.edu.tw,18,365,316,0.87,泰雅族,297,0.94,0,0,12,297,2,0,0,0,0,1,0,0,0,4,0,0,0,0,0
私立東泰高中,新竹縣私立東泰高級中學,完全中學,新竹縣,私立,否,是,[310]新竹縣竹東鎮東峰路343號,(03)5961232,http://www.ttsh.hcc.edu.tw,62,1728,282,0.16,泰雅族,228,0.81,0,0,21,228,3,3,1,1,1,18,0,0,0,1,0,5,0,0,0
私立光復高中,新竹市私立光復高級中學,完全中學,新竹市,私立,否,是,[300]新竹市東區光復路二段153號,(03)5753698,http://www.kfsh.hc.edu.tw/article/203,126,5101,156,0.03,泰雅族,92,0.59,0,0,28,92,3,3,4,1,0,15,1,0,0,4,0,5,0,0,0
羅東高商,國立羅東高級商業職業學校,高級中等學校,宜蘭縣,公立,否,是,[265]宜蘭縣羅東鎮中山路4段360號,(03)9512875,http://www.ltcvs.ilc.edu.tw ,48,1491,111,0.07,泰雅族,87,0.78,0,0,15,87,3,1,0,0,0,0,0,0,0,5,0,0,0,0,0
私立玉山高中,臺中市私立玉山高級中學,高級中等學校,臺中市,私立,否,否,[423]臺中市東勢區東崎路四段399號,(04)25771313,http://www.yssh.tc.edu.tw ,25,508,99,0.19,泰雅族,77,0.78,0,0,9,77,3,3,1,2,1,1,0,0,0,1,0,1,0,0,0
滿州國小,屏東縣滿州鄉滿州國民小學,國小,屏東縣,公立,是,是,[947]屏東縣滿州鄉滿州村中山路39號,(08)8801162,http://www.mjps.ptc.edu.tw,6,89,29,0.33,排灣族,29,1,0,0,0,0,29,0,0,0,0,0,0,0,0,0,0,0,0,0,0
縣立長樂國小,屏東縣滿州鄉長樂國民小學,國小,屏東縣,公立,是,是,[947]屏東縣滿州鄉長樂村大公路35號,(08)8811045,http://www.chlps.ptc.edu.tw,6,61,48,0.79,排灣族,45,0.94,0,0,3,0,45,0,0,0,0,0,0,0,0,0,0,0,0,0,0
縣立永港國小,屏東縣滿州鄉永港國民小學,國小,屏東縣,公立,是,是,[947]屏東縣滿州鄉永靖村新庄路25號,(08)8801125,http://www.ygps.ptc.edu.tw,6,56,14,0.25,排灣族,11,0.79,0,0,3,0,11,0,0,0,0,0,0,0,0,0,0,0,0,0,0
地磨兒國小,屏東縣地磨兒民族實驗小學,國小,屏東縣,公立,是,是,[901]屏東縣三地門鄉三地村行政街9號,(08)7991462,http://www.sdps.ptc.edu.tw,12,159,157,0.99,排灣族,138,0.88,0,0,2,1,138,0,0,15,0,0,0,1,0,0,0,0,0,0,0
縣立青山國小,屏東縣三地門鄉青山國民小學,國小,屏東縣,公立,是,是,[901]屏東縣三地門鄉青山村民族巷9號,(08)7962493,http://www.chses.ptc.edu.tw,6,49,49,1,排灣族,45,0.92,0,0,2,0,45,1,0,1,0,0,0,0,0,0,0,0,0,0,0
口社國小,屏東縣三地門鄉口社國民小學,國小,屏東縣,公立,是,是,[901]屏東縣三地門鄉口社村信義巷65號,(08)7956495,http://www.kses.ptc.edu.tw,6,69,66,0.96,排灣族,66,1,0,0,0,0,66,0,0,0,0,0,0,0,0,0,0,0,0,0,0
縣立佳義國小,屏東縣瑪家鄉佳義國民小學,國小,屏東縣,公立,是,是,[903]屏東縣瑪家鄉佳義村泰平巷12號,(08)7990038,http://www.jyps.ptc.edu.tw,8,133,132,0.99,排灣族,124,0.94,0,0,1,2,124,0,1,3,0,0,0,0,0,0,0,0,0,0,1
北葉國小,屏東縣瑪家鄉北葉民族實驗小學,國小,屏東縣,公立,是,是,[903]屏東縣瑪家鄉北葉村風景巷1-22號,(08)7991649,http://www.byps.ptc.edu.tw,6,102,101,0.99,排灣族,87,0.86,0,0,0,0,87,0,0,14,0,0,0,0,0,0,0,0,0,0,0
縣立武潭國小,屏東縣泰武鄉武潭國民小學,國小,屏東縣,公立,是,是,[921]屏東縣泰武鄉武潭村潭中巷45號,(08)7833179,http://www.wtes.ptc.edu.tw,18,137,137,1,排灣族,137,1,0,0,0,0,137,0,0,0,0,0,0,0,0,0,0,0,0,0,0
縣立泰武國小,屏東縣泰武鄉泰武國民小學,國小,屏東縣,公立,是,是,[921]屏東縣泰武鄉泰武村阿夫魯岸路1號,(08)7837093,http://www.twps.ptc.edu.tw,6,98,94,0.96,排灣族,91,0.97,0,0,3,0,91,0,0,0,0,0,0,0,0,0,0,0,0,0,0
萬安國小,屏東縣泰武鄉萬安國民小學,國小,屏東縣,公立,是,是,[921]屏東縣泰武鄉萬安村萬安路1號,(08)7831902,http://www.waps.ptc.edu.tw,6,84,84,1,排灣族,84,1,0,0,0,0,84,0,0,0,0,0,0,0,0,0,0,0,0,0,0
縣立來義國小,屏東縣來義鄉來義國民小學,國小,屏東縣,公立,是,是,[922]屏東縣來義鄉丹林村古義路2號,(08)7850411,http://www.lyps.ptc.edu.tw,6,96,95,0.99,排灣族,92,0.97,0,0,2,0,92,0,0,0,0,1,0,0,0,0,0,0,0,0,0
縣立望嘉國小,屏東縣來義鄉望嘉國民小學,國小,屏東縣,公立,是,是,[922]屏東縣來義鄉望嘉村165號,(08)7981383,http://www.wcps.ptc.edu.tw,6,52,49,0.94,排灣族,49,1,0,0,0,0,49,0,0,0,0,0,0,0,0,0,0,0,0,0,0
文樂國小,屏東縣來義鄉文樂國民小學,國小,屏東縣,公立,是,是,[922]屏東縣來義鄉文樂村新樂路1號,(08)7981836,http://www.welps.ptc.edu.tw,6,51,48,0.94,排灣族,48,1,0,0,0,0,48,0,0,0,0,0,0,0,0,0,0,0,0,0,0
縣立南和國小,屏東縣來義鄉南河國民小學,國小,屏東縣,公立,是,是,[922]屏東縣來義鄉南和村51號,(08)8791263,http://www.nhps.ptc.edu.tw,6,65,64,0.98,排灣族,64,1,0,0,0,0,64,0,0,0,0,0,0,0,0,0,0,0,0,0,0
縣立古樓國小,屏東縣來義鄉古樓國民小學,國小,屏東縣,公立,是,是,[922]屏東縣來義鄉古樓村育英路2號,(08)7850281,http://www.ghes.ptc.edu.tw,6,37,37,1,排灣族,37,1,0,0,0,0,37,0,0,0,0,0,0,0,0,0,0,0,0,0,0
縣立春日國小,屏東縣春日鄉春日國民小學,國小,屏東縣,公立,是,是,[942]屏東縣春日鄉春日村春日路314號,(08)8782433,http://www.crps.ptc.edu.tw,6,67,66,0.99,排灣族,66,1,0,0,0,0,66,0,0,0,0,0,0,0,0,0,0,0,0,0,0
力里國小,屏東縣春日鄉力里國民小學,國小,屏東縣,公立,是,是,[942]屏東縣春日鄉七佳村自強一路92號,(08)8791020,http://www.lles.ptc.edu.tw,6,105,104,0.99,排灣族,102,0.98,0,0,1,0,102,1,0,0,0,0,0,0,0,0,0,0,0,0,0
縣立古華國小,屏東縣春日鄉古華國民小學,國小,屏東縣,公立,是,是,[942]屏東縣春日鄉古華村古華路3巷63號,(08)8781040,http://www.ghps.ptc.edu.tw,12,64,64,1,排灣族,64,1,0,0,0,0,64,0,0,0,0,0,0,0,0,0,0,0,0,0,0
縣立楓林國小,屏東縣獅子鄉楓林國民小學,國小,屏東縣,公立,是,是,[943]屏東縣獅子鄉楓林村楓林2巷22-2號,(08)8771371,http://www.fles.ptc.edu.tw,6,29,27,0.93,排灣族,25,0.93,0,0,0,1,25,1,0,0,0,0,0,0,0,0,0,0,0,0,0
縣立丹路國小,屏東縣蝨子鄉丹路國民小學,國小,屏東縣,公立,是,是,[943]屏東縣獅子鄉丹路村丹路1巷39號,(08)8771455,http://www.dles.ptc.edu.tw,6,39,38,0.97,排灣族,37,0.97,0,0,0,0,37,0,0,1,0,0,0,0,0,0,0,0,0,0,0
縣立內獅國小,屏東縣獅子鄉內獅國民小學,國小,屏東縣,公立,是,是,[943]屏東縣獅子鄉內獅村1號,(08)8720003,http://www.nses.ptc.edu.tw,6,91,91,1,排灣族,91,1,0,0,0,0,91,0,0,0,0,0,0,0,0,0,0,0,0,0,0
縣立草埔國小,屏東縣獅子鄉草埔國民小學,國小,屏東縣,公立,是,是,[943]屏東縣獅子鄉草埔村1巷5號,(08)8701449,http://www.cpps.ptc.edu.tw,6,27,25,0.93,排灣族,24,0.96,0,0,1,0,24,0,0,0,0,0,0,0,0,0,0,0,0,0,0
石門國小,屏東縣牡丹鄉石門國民小學,國小,屏東縣,公立,是,是,[945]屏東縣牡丹鄉石門村石門路33號,(08)8831005,http://www.smps.ptc.edu.tw,6,71,71,1,排灣族,71,1,0,0,0,0,71,0,0,0,0,0,0,0,0,0,0,0,0,0,0
縣立高士國小,屏東縣牡丹鄉高士國民小學,國小,屏東縣,公立,是,是,[945]屏東縣牡丹鄉高士村高士路29號,(08)8810246,http://www.gses.ptc.edu.tw,12,57,57,1,排灣族,57,1,0,0,0,0,57,0,0,0,0,0,0,0,0,0,0,0,0,0,0
牡丹國小,屏東縣牡丹鄉牡丹國民小學,國小,屏東縣,公立,是,是,[945]屏東縣牡丹鄉牡丹村牡丹路93號,(08)8830065,http://www.mdps.ptc.edu.tw,6,63,62,0.98,排灣族,49,0.79,0,0,13,0,49,0,0,0,0,0,0,0,0,0,0,0,0,0,0
縣立賽嘉國小,屏東縣三地門賽嘉國民小學,國小,屏東縣,公立,是,是,[901]屏東縣三地門鄉賽嘉村2號,(08)7992220,http://www.sces.ptc.edu.tw,6,63,61,0.97,排灣族,61,1,0,0,0,0,61,0,0,0,0,0,0,0,0,0,0,0,0,0,0
長榮百合國小,屏東縣瑪家鄉長榮百合國民小學,國小,屏東縣,公立,是,是,[903]屏東縣瑪家鄉瑪家村和平路一段65號,(08)7992750,http://163.24.148.10,6,107,99,0.93,排灣族,76,0.77,0,0,0,0,76,0,0,23,0,0,0,0,0,0,0,0,0,0,0
縣立新園國小,臺東縣臺東市新園國民小學,國小,臺東縣,公立,是,是,[950]臺東縣臺東市新園路88號,(089)382590,http://www.syps.ttct.edu.tw,6,34,25,0.74,排灣族,20,0.8,0,0,4,0,20,0,0,1,0,0,0,0,0,0,0,0,0,0,0
縣立大王國小,臺東縣太麻里鄉大王國民小學,國小,臺東縣,公立,是,是,[963]臺東縣太麻里鄉大王村文化路60號,(089)781342,http://www.dwps.ttct.edu.tw,9,178,96,0.54,排灣族,73,0.76,0,0,15,0,73,1,3,4,0,0,0,0,0,0,0,0,0,0,0
縣立香蘭國小,臺東縣太麻里鄉香蘭國民小學,國小,臺東縣,公立,是,是,[963]臺東縣太麻里鄉香蘭村四鄰28號,(089)781505,http://www.slps.ttct.edu.tw,6,37,22,0.59,排灣族,13,0.59,0,0,6,0,13,0,0,,0,0,0,0,0,3,0,0,0,0,0
縣立大溪國小,臺東縣太麻里鄉大溪國民小學,國小,臺東縣,公立,是,是,[963]臺東縣太麻里鄉多良村十五鄰大溪85號,(089)761017,http://www.dsps.ttct.edu.tw,6,41,34,0.83,排灣族,28,0.82,0,0,5,0,28,1,0,0,0,0,0,0,0,0,0,0,0,0,0
縣立尚武國小,臺東縣大武鄉尚武國民小學,國小,臺東縣,公立,是,是,[965]臺東縣大武鄉尚武村八鄰學府路7號,(089)791458,http://www.swps.ttct.edu.tw,7,59,29,0.49,排灣族,23,0.79,0,0,5,0,23,1,0,0,0,0,0,0,0,0,0,0,0,0,0
大武國小,臺東縣大武鄉大武國民小學,國小,臺東縣,公立,是,是,[965]臺東縣大武鄉民族街2巷49號,(089)791135,http://www.twps.ttct.edu.tw,6,100,75,0.75,排灣族,68,0.91,0,0,4,1,68,2,0,0,0,0,0,0,0,0,0,0,0,0,0
縣立大鳥國小,臺東縣大武鄉大鳥國民小學,國小,臺東縣,公立,是,是,[965]臺東縣大武鄉大鳥村一鄰12號,(089)791530,http://www.danps.ttct.edu.tw,12,88,87,0.99,排灣族,84,0.97,0,0,2,0,84,0,1,0,0,0,0,0,0,0,0,0,0,0,0
縣立嘉蘭國小,臺東縣金峰鄉嘉蘭國民小學,國小,臺東縣,公立,是,是,[964]臺東縣金峰鄉嘉蘭村3鄰132號,(089)751224,http://www.jles.ttct.edu.tw,6,65,65,1,排灣族,52,0.8,0,0,5,1,52,0,0,6,0,0,0,0,0,1,0,0,0,0,0
縣立介達國小,臺東縣金峰鄉介達國民小學,國小,臺東縣,公立,是,是,[964]臺東縣金峰鄉正興村105號,(089)781583,http://www.jdes.ttct.edu.tw,6,57,57,1,排灣族,45,0.79,0,0,7,0,45,0,1,4,0,0,0,0,0,0,0,0,0,0,0
新興國小,臺東縣金峰鄉新興國民小學,國小,臺東縣,公立,是,是,[964]臺東縣金峰鄉新興村一鄰1號,(089)781687,http://www.shsps.ttct.edu.tw,6,59,58,0.98,排灣族,53,0.91,0,0,2,0,53,2,0,1,0,0,0,0,0,0,0,0,0,0,0
縣立賓茂國小,臺東縣金峰鄉賓茂國民小學,國小,臺東縣,公立,是,是,[964]臺東縣金峰鄉賓茂村68號,(089)771007,http://www.bmps.ttct.edu.tw,6,117,108,0.92,排灣族,95,0.88,0,0,10,1,95,2,0,0,0,0,0,0,0,0,0,0,0,0,0
安朔國小,臺東縣達仁鄉安朔國民小學,國小,臺東縣,公立,是,是,[966]臺東縣達仁鄉安朔村八鄰113號,(089)702257,http://www.asps.ttct.edu.tw,12,66,63,0.95,排灣族,60,0.95,0,0,2,1,60,0,0,0,0,0,0,0,0,0,0,0,0,0,0
土?國小,臺東縣達仁鄉土?vusam文化實驗小學,國小,臺東縣,公立,是,是,[966]臺東縣達仁鄉土?村10號,(089)761225,https://sites.google.com/a/tbps.ttct.edu.tw/103xue-nian-du-tu-ban-guo-xiao-jiao-yu-huo-ban/,6,42,41,0.98,排灣族,39,0.95,0,0,2,0,39,0,0,0,0,0,0,0,0,0,0,0,0,0,0
縣立臺?國小,臺東縣達仁鄉臺?國民小學,國小,臺東縣,公立,是,是,[966]臺東縣達仁鄉台?村十鄰59號之1,(089)761252,http://www.tabps.ttct.edu.tw,6,34,31,0.91,排灣族,31,1,0,0,0,0,31,0,0,0,0,0,0,0,0,0,0,0,0,0,0
縣立滿州國中,屏東縣立滿州國民中學,國中,屏東縣,公立,是,是,[947]屏東縣滿州鄉文化路32號,(08)8801106,http://www.mjjhs.ptc.edu.tw,6,130,71,0.55,排灣族,68,0.96,0,0,1,1,68,1,0,0,0,0,0,0,0,0,0,0,0,0,0
瑪家國中,屏東瑪家國民中學,國中,屏東縣,公立,是,是,[903]屏東縣瑪家鄉三和村三和巷16號,(08)7994343,http://www.mjjh.ptc.edu.tw,9,173,167,0.97,排灣族,132,0.79,0,0,0,0,132,0,0,33,0,0,0,0,0,2,0,0,0,0,0
縣立泰武國中,屏東縣立泰武國民中學,國中,屏東縣,公立,是,是,[921]屏東縣泰武鄉佳平路120號,(08)7831025,http://www.twjh.ptc.edu.tw,6,129,127,0.98,排灣族,126,0.99,0,0,0,0,126,0,0,1,0,0,0,0,0,0,0,0,0,0,0
縣立牡丹國中,屏東縣立牡丹國民中學,國中,屏東縣,公立,是,是,[945]屏東縣牡丹鄉石門村石門路1之1號,(08)8831014,http://www.mdjh.ptc.edu.tw,3,67,64,0.96,排灣族,56,0.88,0,0,5,0,56,0,0,2,1,0,0,0,0,0,0,0,0,0,0
縣立獅子國中,屏東縣立獅子國民中學,國中,屏東縣,公立,是,是,[941]屏東縣枋山鄉楓港村舊庄280號,(08)8771121,http://www.stjh.ptc.edu.tw,3,66,66,1,排灣族,63,0.95,0,0,2,0,63,0,1,0,0,0,0,0,0,0,0,0,0,0,0
縣立大王國中,臺東縣立大王國民中學,國中,臺東縣,公立,是,是,[963]臺東縣太麻里鄉大王村633號,(089)781324,http://www.dwjh.ttct.edu.tw,10,221,158,0.71,排灣族,126,0.8,0,0,11,0,126,5,0,14,0,0,1,0,0,1,0,0,0,0,0
縣立賓茂國中,臺東縣立賓茂國民中學,國中,臺東縣,公立,是,是,[963]臺東縣太麻里鄉金崙村77號,(089)771076,http://www.bmjh.ttct.edu.tw,7,117,112,0.96,排灣族,88,0.79,0,0,16,3,88,3,1,1,0,0,0,0,0,0,0,0,0,0,0
縣立大武國中,臺東縣立大武國民中學,國中,臺東縣,公立,是,是,[965]臺東縣大武鄉大武村復興路1號,(089)791023,http://www.twjh.ttct.edu.tw,10,217,181,0.83,排灣族,170,0.94,0,0,9,0,170,0,2,0,0,0,0,0,0,0,0,0,0,0,0
來義高中,屏東來義高級中學,完全中學,屏東縣,公立,是,是,[922]屏東縣來義鄉古樓村中正路147號,(08)7850086,http://www.lyhs.ptc.edu.tw,21,378,343,0.91,排灣族,329,0.96,0,0,4,1,329,2,1,5,1,0,0,0,0,0,0,0,0,0,0
私立青年高中,臺中市青年高級中學,高級中等學校,臺中市,私立,否,否,[412]臺中市大里區中湖路100號,(04)24954181,http://www.youth.tc.edu.tw,85,2906,208,0.07,排灣族,51,0.25,0,0,50,43,51,36,4,1,0,1,2,2,0,2,0,15,1,0,0
私立中山工商,中山學校財團法人高雄市中山高級工商職業學校,高級中等學校,高雄市,私立,否,是,[831]高雄市大寮區會社里正氣路79號,(07)7815311,http://www.csic.khc.edu.tw,187,9505,225,0.02,排灣族,119,0.53,0,0,61,2,119,18,5,11,2,2,0,0,0,3,0,0,2,0,0
私立高英工商,高雄縣私立高英高級工商職業學校,高級中等學校,高雄市,私立,否,是,[831]高雄市大寮區鳳林3路19巷44號,(07)7832991,http://www.kyicvs.khc.edu.tw,65,2028,171,0.08,排灣族,130,0.76,0,0,12,2,130,14,4,3,2,0,1,0,0,1,0,0,1,1,0
國立屏東高中,國立屏東高級中學,高級中等學校,屏東縣,公立,否,是,[900]屏東縣屏東市忠孝路231號,(08)7667053,http://www.pths.ptc.edu.tw,57,1950,115,0.06,排灣族,88,0.77,0,0,7,0,88,3,0,13,2,0,0,0,0,2,0,0,0,0,0
國立潮州高中,國立潮州高級中學,高級中等學校,屏東縣,公立,否,是,[920]屏東縣潮州鎮中山路11號,(08)7882017,http://www.ccsh.ptc.edu.tw,42,1480,162,0.11,排灣族,149,0.92,0,0,6,1,149,2,1,3,0,0,0,0,0,0,0,0,0,0,0
國立屏北高中,國立屏北高級中學,高級中等學校,屏東縣,公立,否,是,[907]屏東縣鹽埔鄉彭厝村莒光路168號,(08)7937493,http://www.ppsh.ptc.edu.tw,30,864,204,0.24,排灣族,128,0.63,0,0,10,4,128,20,1,34,2,1,2,0,0,0,0,0,1,1,0
國立內埔農工,國立內埔高級農工職業學校,高級中等學校,屏東縣,公立,否,是,[912]屏東縣內埔鄉水門村成功路83號,(08)7991103,http://www.npvs.ptc.edu.tw,34,878,177,0.2,排灣族,138,0.78,0,0,4,1,138,1,0,32,0,1,0,0,0,0,0,0,0,0,0
屏東高工,國立屏東高級工業職業學校,高級中等學校,屏東縣,公立,否,是,[900]屏東縣屏東市建國路25號,(08)7523781,http://www.ptivs.ptc.edu.tw ,70,1876,117,0.06,排灣族,93,0.79,0,0,7,0,93,2,0,15,0,0,0,0,0,0,0,0,0,0,0
國立恆春工商,國立恆春高級工商職業學校,高級中等學校,屏東縣,公立,否,是,[946]屏東縣恆春鎮恆南路38號,(08)8892010,http://www.hcvs.ptc.edu.tw,36,858,99,0.12,排灣族,92,0.93,0,0,5,2,92,0,0,0,0,0,0,0,0,0,0,0,0,0,0
財團法人屏榮高中,屏東縣屏榮高級中學,高級中等學校,屏東縣,公立,否,是,[900]屏東縣屏東市豐田里民學路100號,(08)7223409,http://www.prhs.ptc.edu.tw,68,2637,148,0.06,排灣族,123,0.83,0,0,6,1,123,2,1,13,0,0,1,0,0,0,1,0,0,0,0
私立民生家商,屏東縣私立民生高級家事商業職業學校,高級中等學校,屏東縣,私立,否,是,[900]屏東縣屏東市民生東路12號,(08)7223029,http://www.msvs.ptc.edu.tw,37,1123,253,0.23,排灣族,159,0.63,0,0,24,3,159,21,3,39,1,0,2,0,0,1,0,0,0,0,0
私立樹德家商,高雄市私立樹德高級家事商業職業學校,高級中等學校,高雄市,私立,否,是,[807]高雄市三民區寶興里11鄰建興路116號,(07)3848622,http://www.shute.kh.edu.tw,150,5361,150,0.03,排灣族,58,0.39,0,0,39,6,58,31,3,6,0,0,1,0,0,3,0,0,0,3,0
信義國小,南投縣信義鄉信義國民小學,國小,南投縣,公立,是,是,[556]南投縣信義鄉明德村玉山路24號,(049)2791263,http://www.hips.ntct.edu.tw/bin/home.php,7,54,34,0.63,布農族,31,0.91,0,0,0,0,3,31,0,0,0,0,0,0,0,0,0,0,0,0,0
羅娜國小,南投縣信義鄉羅娜國民小學,國小,南投縣,公立,是,是,[556]南投縣信義鄉羅娜村信義巷一鄰73號,(049)2831327,http://www.lnps.ntct.edu.tw/bin/home.php,6,98,95,0.97,布農族,90,0.95,0,0,2,2,0,90,0,0,0,1,0,0,0,0,0,0,0,0,0
縣立同富國小,南投縣信義鄉同富國民小學,國小,南投縣,公立,是,是,[556]南投縣信義鄉同富村同和巷4號,(049)2701503,http://www.tfups.ntct.edu.tw,7,143,91,0.64,布農族,89,0.98,0,0,1,0,0,89,0,0,1,0,0,0,0,0,0,0,0,0,0
縣立人和國小,南投縣信義鄉人和國民小學,國小,南投縣,公立,是,是,[556]南投縣信義鄉人和村民生巷3號,(049)2773259,http://www.zhes.ntct.edu.tw,6,74,74,1,布農族,74,1,0,0,0,0,0,74,0,0,0,0,0,0,0,0,0,0,0,0,0
縣立地利國小,南投縣信義鄉地利國民小學,國小,南投縣,公立,是,是,[556]南投縣信義鄉地利村開信巷17號,(049)2741254,http://www.dlps.ntct.edu.tw,6,59,54,0.92,布農族,54,1,0,0,0,0,0,54,0,0,0,0,0,0,0,0,0,0,0,0,0
縣立東埔國小,南投縣信義鄉東埔國民小學,國小,南投縣,公立,是,是,[556]南投縣信義鄉東埔村開高巷63號,(049)2701340,http://www.tpups.ntct.edu.tw/bin/home.php,6,42,41,0.98,布農族,41,1,0,0,0,0,0,41,0,0,0,0,0,0,0,0,0,0,0,0,0
潭南國小,南投縣信義鄉潭南國民小學,國小,南投縣,公立,是,是,[556]南投縣信義鄉潭南村和平巷49號,(049)2741381,http://www.tnps.ntct.edu.tw,6,74,72,0.97,布農族,72,1,0,0,0,0,0,72,0,0,0,0,0,0,0,0,0,0,0,0,0
縣立新鄉國小,南投縣信義鄉新鄉國民小學,國小,南投縣,公立,是,是,[556]南投縣信義鄉新鄉村80號,(049)2831591,http://a165.ntct.edu.tw/bin/home.php,6,57,57,1,布農族,57,1,0,0,0,0,0,57,0,0,0,0,0,0,0,0,0,0,0,0,0
縣立久美國小,南投縣信義鄉久美國民小學,國小,南投縣,公立,是,是,[556]南投縣信義鄉望美村美信巷54號,(049)2831506,http://www.loxa.edu.tw/schoolweb.html?webId=581,6,48,48,1,布農族,41,0.85,0,0,0,0,0,41,0,0,7,0,0,0,0,0,0,0,0,0,0
縣立雙龍國小,南投縣信義鄉雙龍國民小學,國小,南投縣,公立,是,是,[556]南投縣信義鄉雙龍村光復巷4號,(049)2741325,http://www.sles.ntct.edu.tw,6,55,55,1,布農族,55,1,0,0,0,0,0,55,0,0,0,0,0,0,0,0,0,0,0,0,0
縣立豐丘國小,南投縣信義鄉豐丘國民小學,國小,南投縣,公立,是,是,[556]南投縣信義鄉豐丘村高平巷77號,(049)2791723,http://www.fcps.ntct.edu.tw,6,27,26,0.96,布農族,23,0.88,0,0,0,1,0,23,0,0,0,0,0,0,0,0,0,2,0,0,0
縣立法治國小,南投縣仁愛鄉法治國民小學,國小,南投縣,公立,是,是,[546]南投縣仁愛鄉法治村界山巷6號,(049)2977061,http://www.fzps.ntct.edu.tw,6,78,76,0.97,布農族,72,0.95,0,0,0,4,0,72,0,0,0,0,0,0,0,0,0,0,0,0,0
縣立中正國小,南投縣仁愛鄉中正國民小學,國小,南投縣,公立,是,是,[546]南投縣仁愛鄉中正村平等巷114號,(049)2925114,http://www.ccheps.ntct.edu.tw,6,89,89,1,布農族,83,0.93,0,0,2,2,1,83,0,0,0,0,0,0,0,1,0,0,0,0,0
縣立萬豐國小,南投縣仁愛鄉萬豐國民小學,國小,南投縣,公立,是,是,[546]南投縣仁愛鄉萬豐村清華巷8號,(049)2974123,http://www.wfps.ntct.edu.tw,6,66,62,0.94,布農族,62,1,0,0,0,0,0,62,0,0,0,0,0,0,0,0,0,0,0,0,0
市立巴楠花部落小學,高雄市巴楠花部落小學,國小,高雄市,公立,是,是,[846]高雄市杉林區大愛里和氣街15號,(07)6776031,http://www.mzu.ks.edu.tw,8,113,82,0.73,布農族,62,0.76,0,0,0,1,8,62,0,0,0,0,0,0,0,0,0,0,3,8,0
市立民生國小,高雄市那瑪夏區民生國民小學,國小,高雄市,公立,是,是,[849]高雄市那瑪夏區達卡努瓦里大光巷159號,(07)6701233,http://www.msp.ks.edu.tw,6,96,96,1,布農族,74,0.77,0,0,0,0,1,74,0,0,5,0,0,0,0,0,0,0,2,14,0
市立桃源國小,高雄市桃源區桃源國民小學,國小,高雄市,公立,是,是,[848]高雄市桃源區桃源里北進巷五十號,(07)6861045,http://www.ty.ks.edu.tw,6,79,77,0.97,布農族,68,0.88,0,0,2,4,2,68,0,0,0,0,0,0,0,0,0,0,1,0,0
市立建山國小,高雄市桃源區建山國民小學,國小,高雄市,公立,是,是,[848]高雄市桃源區建山里96號,(07)6881134,http://www.zs.ks.edu.tw,6,46,44,0.96,布農族,33,0.75,0,0,1,2,4,33,0,1,0,0,0,0,0,0,0,0,3,0,0
市立興中國小,高雄市桃源區興中國民小學,國小,高雄市,公立,是,是,[848]高雄市桃源區高中里興中巷44號,(07)6881850,http://www.szu.ks.edu.tw,6,61,57,0.93,布農族,41,0.72,0,0,1,0,4,41,0,0,3,0,0,0,0,0,0,0,8,0,0
市立寶山國小,高雄市桃源區寶山國民小學,國小,高雄市,公立,是,是,[848]高雄市桃源區寶山里98號,(07)6891728,http://www.bs.ks.edu.tw,6,21,20,0.95,布農族,18,0.9,0,0,0,1,0,18,0,0,0,0,0,0,0,0,0,0,1,0,0
市立樟山國小,高雄市桃源區樟山國民小學,國小,高雄市,公立,是,是,[848]高雄市桃源區拉芙蘭里南橫公路五段440號,(07)6866118,http://www.zas.ks.edu.tw,7,36,36,1,布農族,36,1,0,0,0,0,0,36,0,0,0,0,0,0,0,0,0,0,0,0,0
市立那瑪夏區民權國小,高雄市那瑪夏區民權國民小學,國小,高雄市,公立,是,是,[849]高雄市那瑪夏區瑪雅里平和巷220號,(07)6701129,http://www.mcp.ks.edu.tw,6,115,62,0.54,布農族,48,0.77,0,0,0,1,1,48,0,0,1,0,0,0,0,0,0,0,2,9,0
桃源國小,臺東縣延平鄉桃源國民小學,國小,臺東縣,公立,是,是,[953]臺東縣延平鄉桃源村昇平路84號,(089)561275,http://www.toyps.ttct.edu.tw,6,81,76,0.94,布農族,70,0.92,0,0,1,0,4,70,0,1,0,0,0,0,0,0,0,0,0,0,0
武陵國小,臺東縣延平鄉武陵國民小學,國小,臺東縣,公立,是,是,[953]臺東縣延平鄉武陵村一鄰明野路16號,(089)551249,http://www.wlps.ttct.edu.tw,6,68,68,1,布農族,61,0.9,0,0,2,0,4,61,0,0,0,0,1,0,0,0,0,0,0,0,0
縣立鸞山國小,臺東縣延平鄉鸞山國民小學,國小,臺東縣,公立,是,是,[953]臺東縣延平鄉鸞山村一鄰14號,(089)568027,http://www.lsps.ttct.edu.tw,6,32,29,0.91,布農族,29,1,0,0,0,0,0,29,0,0,0,0,0,0,0,0,0,0,0,0,0
縣立紅葉國小,臺東縣延平鄉紅葉國民小學,國小,臺東縣,公立,是,是,[953]臺東縣延平鄉紅葉村紅谷路1號,(089)561015,http://www.hyps.ttct.edu.tw,6,51,49,0.96,布農族/阿美族,26,0.53,0,0,15,1,1,26,5,0,1,0,0,0,0,0,0,0,0,0,0
縣立海端國小,臺東縣海端鄉海端國民小學,國小,臺東縣,公立,是,是,[957]臺東縣海端鄉海端村山界路36號,(089)931184,http://www.hdps.ttct.edu.tw,6,47,41,0.87,布農族,35,0.85,0,0,6,0,0,35,0,0,0,0,0,0,0,0,0,0,0,0,0
縣立初來國小,臺東縣海端鄉初來國民小學,國小,臺東縣,公立,是,是,[957]臺東縣海端鄉海端村七鄰5號,(089)931049,http://www.clips.ttct.edu.tw,12,48,46,0.96,布農族,43,0.93,0,0,0,0,1,43,2,0,0,0,0,0,0,0,0,0,0,0,0
縣立崁頂國小,臺東縣海端鄉崁頂國民小學,國小,臺東縣,公立,是,是,[957]臺東縣海端鄉崁頂村中福21號,(089)811447,http://www.kdps.ttct.edu.tw,6,35,34,0.97,布農族,29,0.85,0,0,3,0,2,29,0,0,0,0,0,0,0,0,0,0,0,0,0
縣立廣原國小,臺東縣海端鄉廣原國民小學,國小,臺東縣,公立,是,是,[957]臺東縣海端鄉廣原村大埔路一鄰1號,(089)862923,http://www.gyps.ttct.edu.tw,6,45,42,0.93,布農族,37,0.88,0,0,2,0,2,37,0,0,0,0,0,0,0,1,0,0,0,0,0
縣立錦屏國小,臺東縣海端鄉錦屏國民小學,國小,臺東縣,公立,是,是,[957]臺東縣海端鄉廣原村錦屏1號,(089)861762,http://www.jpps.ttct.edu.tw,6,43,43,1,布農族,39,0.91,0,0,4,0,0,39,0,0,0,0,0,0,0,0,0,0,0,0,0
縣立加拿國小,臺東縣海端鄉加拿國民小學,國小,臺東縣,公立,是,是,[957]臺東縣海端鄉加拿村加南5號,(089)811108,http://www.jnps.ttct.edu.tw,6,35,35,1,布農族,29,0.83,0,0,2,0,4,29,0,0,0,0,0,0,0,0,0,0,0,0,0
縣立霧鹿國小,臺東縣海端鄉霧鹿國民小學,國小,臺東縣,公立,是,是,[957]臺東縣海端鄉霧鹿村12號,(089)35053,http://www.wulps.ttct.edu.tw,12,51,50,0.98,布農族,46,0.92,0,0,2,0,0,46,0,1,0,0,0,0,0,1,0,0,0,0,0
縣立瑞北國小,花蓮縣瑞穗鄉瑞北國民小學,國小,花蓮縣,公立,是,是,[978]花蓮縣瑞穗鄉中正北路二段35號,(03)8872642,http://www.zbps.hlc.edu.tw,6,56,51,0.91,布農族,36,0.71,0,0,12,0,1,36,0,0,0,0,0,0,0,2,0,0,0,0,0
縣立大禹國小,花蓮縣玉里鎮大禹國民小學,國小,花蓮縣,公立,是,是,[981]花蓮縣玉里鎮中禹里225號,(03)8883274,http://www.dyps.hlc.edu.tw,6,42,20,0.48,布農族/阿美族,9,0.45,7,0.35,7,0,0,9,2,0,0,0,0,0,0,2,0,0,0,0,0
縣立長良國小,花蓮縣玉里鎮長良國民小學,國小,花蓮縣,公立,是,是,[981]花蓮縣玉里鎮長良里163號,(03)8801171,http://www.clps.hlc.edu.tw,6,31,24,0.77,布農族/阿美族,14,0.58,9,0.38,9,0,0,14,0,0,0,0,0,0,0,1,0,0,0,0,0
馬遠國小,花蓮縣萬榮鄉馬遠國民小學,國小,花蓮縣,公立,是,是,[979]花蓮縣萬榮鄉馬遠村39號,(03)8811371,http://www.myups.hlc.edu.tw,6,38,38,1,布農族,36,0.95,0,0,2,0,0,36,0,0,0,0,0,0,0,0,0,0,0,0,0
卓溪國小,花蓮縣卓溪鄉卓溪國民小學,國小,花蓮縣,公立,是,是,[982]花蓮縣卓溪鄉卓溪村中正路72號,(03)8883514,http://www.zsps.hlc.edu.tw,6,41,41,1,布農族,34,0.83,0,0,3,0,2,34,0,0,0,0,0,0,0,1,0,1,0,0,0
縣立崙山國小,花蓮縣卓溪鄉崙山國民小學,國小,花蓮縣,公立,是,是,[982]花蓮縣卓溪鄉崙山村1鄰12號,(03)8841350,http://www.lsaps.hlc.edu.tw,6,47,47,1,布農族,32,0.68,0,0,1,0,0,32,0,0,0,0,0,0,0,4,0,10,0,0,0
縣立太平國小,花蓮縣卓溪鄉太平國民小學,國小,花蓮縣,公立,是,是,[982]花蓮縣卓溪鄉太平村1鄰2號,(03)8841359,http://www.tpps.hlc.edu.tw,6,41,41,1,布農族,39,0.95,0,0,1,0,1,39,0,0,0,0,0,0,0,0,0,0,0,0,0
縣立卓清國小,花蓮縣卓溪鄉卓清國民小學,國小,花蓮縣,公立,是,是,[982]花蓮縣卓溪鄉卓清村清水6號,(03)8801163,http://www.zcps.hlc.edu.tw,6,24,24,1,布農族,24,1,0,0,0,0,0,24,0,0,0,0,0,0,0,0,0,0,0,0,0
縣立卓樂國小,花蓮縣卓溪鄉卓樂國民小學,國小,花蓮縣,公立,是,是,[982]花蓮縣卓溪鄉卓清村卓樂86號,(03)8889075,http://www.zlps.hlc.edu.tw,6,40,40,1,布農族,34,0.85,0,0,3,1,0,34,0,0,0,0,0,0,0,2,0,0,0,0,0
古風國小,花蓮縣卓溪鄉古風國民小學,國小,花蓮縣,公立,是,是,[982]花蓮縣卓溪鄉古風村崙天18號,(03)8846058,http://www.gfps.hlc.edu.tw,6,46,46,1,布農族,44,0.96,0,0,1,0,1,44,0,0,0,0,0,0,0,0,0,0,0,0,0
縣立卓楓國小,花蓮縣卓溪鄉卓楓國民小學,國小,花蓮縣,公立,是,是,[982]花蓮縣卓溪鄉古風村十二鄰古楓6號,(03)8846027,http://www.zfps.hlc.edu.tw,6,19,19,1,布農族,19,1,0,0,0,0,0,19,0,0,0,0,0,0,0,0,0,0,0,0,0
縣立民和國中,南投縣立民和國民中學,國中,南投縣,公立,否,是,[553]南投縣水里鄉中學路29號,(049)2741138,http://www.mhjhs.ntct.edu.tw,6,98,91,0.93,布農族,89,0.98,0,0,0,2,0,89,0,0,0,0,0,0,0,0,0,0,0,0,0
縣立信義國中,南投縣立信義國民中學,國中,南投縣,公立,是,是,[556]南投縣信義鄉明德村玉山路20號,(049)2791129,http://www.syijh.ntct.edu.tw/bin/home.php,4,71,40,0.56,布農族,36,0.9,0,0,1,3,0,36,0,0,0,0,0,0,0,0,0,0,0,0,0
縣立同富國中,南投縣立同富國民中學,國中,南投縣,公立,是,是,[556]南投縣信義鄉同富村同和巷7號,(049)2701317,http://www.tfjhs.ntct.edu.tw,7,134,96,0.72,布農族,92,0.96,0,0,0,0,0,92,0,0,4,0,0,0,0,0,0,0,0,0,0
市立寶來國中,高雄市立寶來國民中學,國中,高雄市,公立,否,是,[844]高雄市六龜區寶來里中正路137號,(07)6881258,http://www.blm.ks.edu.tw,3,73,38,0.52,布農族,25,0.66,0,0,2,1,4,25,0,2,3,0,0,0,0,0,0,0,1,0,0
市立那瑪夏國中,高雄市立那瑪夏國民中學,國中,高雄市,公立,是,是,[849]高雄市那瑪夏區瑪雅里平和巷171號,(07)6701813,http://www.sm.ks.edu.tw,6,95,72,0.76,布農族,53,0.74,0,0,0,0,3,53,0,0,5,0,0,0,0,0,0,0,2,9,0
市立桃源國中,高雄市立桃源國民中學,國中,高雄市,公立,是,是,[848]高雄市桃源區勤和里南橫公路三段201號,(07)6861133,http://www.ty.ks.edu.tw,6,56,55,0.98,布農族,54,0.98,0,0,0,0,0,54,0,0,0,0,0,0,0,0,0,0,1,0,0
縣立關山國中,臺東縣立關山國民中學,國中,臺東縣,公立,是,是,[956]臺東縣關山鎮崁頂路22號,(089)811114,http://www.ksjh.ttct.edu.tw,13,342,171,0.5,布農族/阿美族,96,0.56,61,0.36,61,2,5,96,1,0,0,3,0,0,0,3,0,0,0,0,0
縣立桃源國中,臺東縣立桃源國民中學,國中,臺東縣,公立,是,是,[953]臺東縣延平鄉桃源村昇平路178號,(089)561255,http://www.tyjhs.ttct.edu.tw,3,52,52,1,布農族/阿美族,28,0.54,17,0.33,17,0,0,28,0,1,1,0,3,0,0,1,0,1,0,0,0
縣立海端國中,臺東縣立海端國民中學,國中,臺東縣,公立,是,是,[957]臺東縣海端鄉海端村山界1號,(089)931390,http://hdjh.boe.ttct.edu.tw/bin/home.php,3,38,32,0.84,布農族,28,0.88,0,0,4,0,0,28,0,0,0,0,0,0,0,0,0,0,0,0,0
縣立玉里國中,花蓮縣立玉里國民中學,國中,花蓮縣,公立,是,是,[981]花蓮縣玉里鎮民族街30號,(03)8882054,http://www.yljh.hlc.edu.tw,24,582,248,0.43,布農族/阿美族,115,0.46,114,0.46,114,3,3,115,1,0,0,0,0,0,0,10,0,2,0,0,0
縣立三民國中,花蓮縣立三民國民中學,國中,花蓮縣,公立,是,是,[981]花蓮縣玉里鎮三民里151號,(03)8841198,http://www.smjh.hlc.edu.tw,6,102,84,0.82,布農族,33,0.39,0,0,20,0,0,33,0,0,0,0,0,0,0,13,0,18,0,0,0
縣立富北國中,花蓮縣立富北國民中學,國中,花蓮縣,公立,是,是,[983]花蓮縣富里鄉新興村一鄰8號,(03)8821134,http://www.fbjh.hlc.edu.tw,6,99,37,0.37,布農族/阿美族,23,0.62,14,0.38,14,0,0,23,0,0,0,0,0,0,0,0,0,0,0,0,0
國立仁愛高農,國立仁愛高級農業職業學校,高級中等學校,南投縣,公立,是,是,[546]南投縣仁愛鄉大同村山農巷27號,(049)2802619,http://www.ravs.ntct.edu.tw,18,347,140,0.4,布農族/賽德克族,60,0.43,47,0.34,2,27,1,60,0,0,0,0,1,1,0,1,0,47,0,0,0
埔里高工,國立埔里高級工業職業學校,高級中等學校,南投縣,公立,否,是,[545]南投縣埔里鎮中山路1段435號,(049)2982225,http://www.plvs.ntct.edu.tw ,39,1060,106,0.1,布農族/賽德克族,36,0.34,34,0.32,2,31,0,36,0,0,0,1,0,1,0,1,0,34,0,0,0
國立關山工商,國立關山高級工商職業學校,高級中等學校,臺東縣,公立,是,是,[956]臺東縣關山鎮民權路58號,(089)811006,http://www.ksvs.ttct.edu.tw,21,317,170,0.54,布農族/阿美族,88,0.52,59,0.35,59,1,13,88,6,3,0,0,0,0,0,0,0,0,0,0,0
南王國小,臺東縣臺東市南王Puyuma花環實驗小學,國小,臺東縣,公立,是,是,[950]臺東縣臺東市南王里更生北路726號,(089)223203,http://www.nwps.ttct.edu.tw,6,74,57,0.77,卑南族,36,0.63,0,0,12,1,3,3,36,0,1,0,0,0,0,1,0,0,0,0,0
知本國小,臺東縣臺東市知本國民小學,國小,臺東縣,公立,是,是,[950]臺東縣臺東市知本路三段107號,(089)512234,http://www.jbps.ttct.edu.tw,12,195,92,0.47,卑南族,51,0.55,0,0,25,2,10,4,51,0,0,0,0,0,0,0,0,0,0,0,0
建和國小,臺東縣臺東市建和國民小學,國小,臺東縣,公立,是,是,[950]臺東縣臺東市青海路三段640號,(089)512381,http://www.jhps.ttct.edu.tw,6,84,54,0.64,卑南族,39,0.72,0,0,9,1,5,0,39,0,0,0,0,0,0,0,0,0,0,0,0
賓朗國小,臺東縣濱南鄉賓朗國民小學,國小,臺東縣,公立,是,是,[954]臺東縣卑南鄉賓朗村474巷2號,(089)224129,http://www.blps.ttct.edu.tw,7,68,39,0.57,卑南族,19,0.49,0,0,11,1,5,0,19,2,0,0,0,0,1,0,0,0,0,0,0
利嘉國小,臺東縣卑南鄉利嘉國民小學,國小,臺東縣,公立,是,是,[954]臺東縣卑南鄉利嘉村利嘉路666號,(08)9380121,http://www.ljps.ttct.edu.tw,6,42,36,0.86,卑南族,30,0.83,0,0,4,0,2,0,30,0,0,0,0,0,0,0,0,0,0,0,0
太平國小,臺東縣卑南鄉太平國民小學,國小,臺東縣,公立,是,是,[954]臺東縣卑南鄉泰安村6號,(089)381418,http://www.tpps.ttct.edu.tw,8,140,104,0.74,卑南族,47,0.45,0,0,22,3,14,7,47,10,0,0,1,0,0,0,0,0,0,0,0
縣立知本國中,臺東縣立知本國民中學,國中,臺東縣,公立,是,是,[950]臺東縣臺東市青海路三段680號,(089)512203,http://www.cpjh.ttct.edu.tw,11,217,97,0.45,卑南族,45,0.46,0,0,24,1,7,10,45,6,0,0,3,0,0,0,0,0,0,0,1
縣立初鹿國中,臺東縣立初鹿國民中學,國中,臺東縣,公立,是,是,[954]臺東縣卑南鄉明峰村忠孝路2號,(08)9571125,http://www.cljh.ttct.edu.tw,6,93,42,0.45,卑南族,24,0.57,0,0,11,4,0,3,24,0,0,0,0,0,0,0,0,0,0,0,0
市立茂林國小,高雄市茂林區茂林國民小學,國小,高雄市,公立,是,是,[851]高雄市茂林區茂林里4之3號,(07)6801043,http://www.ml.ks.edu.tw,6,42,41,0.98,魯凱族,33,0.8,0,0,1,0,3,2,0,33,0,0,1,0,0,1,0,0,0,0,0
市立多納國小,高雄市茂林區多納國民小學,國小,高雄市,公立,是,是,[851]高雄市茂林區多納里1-2號,(07)6801178,http://www.dn.ks.edu.tw,6,23,22,0.96,魯凱族,22,1,0,0,0,0,0,0,0,22,0,0,0,0,0,0,0,0,0,0,0
縣立青葉國小,屏東縣三地門鄉青葉國民小學,國小,屏東縣,公立,是,是,[901]屏東縣三地門鄉青葉村光復巷1之2號,(08)7961997,http://www.cyes.ptc.edu.tw,6,46,37,0.8,魯凱族,31,0.84,0,0,2,0,4,0,0,31,0,0,0,0,0,0,0,0,0,0,0
霧臺國小,屏東縣霧臺鄉霧臺國民小學,國小,屏東縣,公立,是,是,[902]屏東縣霧臺鄉霧臺村中山巷45號,(08)7902230,http://www.wutps.ptc.edu.tw,12,87,86,0.99,魯凱族,78,0.91,0,0,0,0,4,3,0,78,1,0,0,0,0,0,0,0,0,0,0
大南國小,臺東縣卑南鄉達魯瑪克民族實驗小學,國小,臺東縣,公立,是,是,[954]臺東縣卑南鄉東興村東園一街40號,(089)382402,http://www.dnps.ttct.edu.tw,6,65,65,1,魯凱族,52,0.8,0,0,5,1,4,1,2,52,0,0,0,0,0,0,0,0,0,0,0
市立茂林國中,高雄市立茂林國民中學,國中,高雄市,公立,是,是,[851]高雄市茂林區茂林里4之5號,(07)6801153,http://www.ml.ks.edu.tw,3,26,26,1,魯凱族,23,0.88,0,0,0,0,2,0,0,23,0,0,1,0,0,0,0,0,0,0,0
達邦國小,嘉義縣阿里山鄉達邦國民小學,國小,嘉義縣,公立,是,是,[605]嘉義縣阿里山鄉達邦村一鄰1號,(05)2511017,http://www.dbps.cyc.edu.tw,11,47,46,0.98,鄒族,46,1,0,0,0,0,0,0,0,0,46,0,0,0,0,0,0,0,0,0,0
十字國小,嘉義縣阿里山鄉十字國民小學,國小,嘉義縣,公立,是,是,[605]嘉義縣阿里山鄉十字村16號,(05)2511340,http://www.shtps.cyc.edu.tw,4,13,7,0.54,鄒族,7,1,0,0,0,0,0,0,0,0,7,0,0,0,0,0,0,0,0,0,0
來吉國小,嘉義縣阿里山鄉來吉國民小學,國小,嘉義縣,公立,是,是,[605]嘉義縣阿里山鄉來吉村四鄰91號,(05)2661232,http://www.ljes.cyc.edu.tw,4,21,17,0.81,鄒族,17,1,0,0,0,0,0,0,0,0,17,0,0,0,0,0,0,0,0,0,0
山美國小,嘉義縣阿里山鄉山美國民小學,國小,嘉義縣,公立,是,是,[605]嘉義縣阿里山鄉山美村61號,(05)2586520,http://www.smes.cyc.edu.tw,6,35,33,0.94,鄒族,33,1,0,0,0,0,0,0,0,0,33,0,0,0,0,0,0,0,0,0,0
新美國小,嘉義縣阿里山鄉新美國民小學,國小,嘉義縣,公立,是,是,[605]嘉義縣阿里山鄉新美村四鄰78號,(05)2513015,http://www.shmps.cyc.edu.tw,6,25,21,0.84,鄒族,19,0.9,0,0,0,0,0,2,0,0,19,0,0,0,0,0,0,0,0,0,0
茶山國小,嘉義縣阿里山鄉茶山國民小學,國小,嘉義縣,公立,是,是,[605]嘉義縣阿里山鄉茶山村三鄰74號,(05)2513014,http://www.chses.cyc.edu.tw,4,19,14,0.74,鄒族,10,0.71,0,0,0,1,0,3,0,0,10,0,0,0,0,0,0,0,0,0,0
阿里山國中小,嘉義阿里山國民中小學,國中小,嘉義縣,公立,是,是,[605]嘉義縣阿里山鄉樂野村1鄰31號,(05)2561180,http://www.aljes.cyc.edu.tw/,9,138,92,0.67,鄒族,89,0.97,0,0,1,1,0,0,0,0,89,0,0,0,0,0,0,0,0,0,0
東河國小,苗栗縣南庄鄉東河國民小學,國小,苗栗縣,公立,是,是,[353]苗栗縣南庄鄉東河村三鄰132號,(037)823423,https://www.donghe.mlc.edu.tw,6,43,37,0.86,賽夏族,27,0.73,0,0,1,9,0,0,0,0,0,27,0,0,0,0,0,0,0,0,0
蓬萊國小,苗栗縣南庄鄉蓬萊國民小學,國小,苗栗縣,公立,是,是,[353]苗栗縣南庄鄉蓬萊村19鄰118號,(037)823385,http://www.penla.mlc.edu.tw,6,34,22,0.65,賽夏族,22,1,0,0,0,0,0,0,0,0,0,22,0,0,0,0,0,0,0,0,0
縣立永興國小,苗栗縣獅潭鄉永興國民小學,國小,苗栗縣,公立,是,是,[354]苗栗縣獅潭鄉永興村6鄰55-1號,(037)931292,http://www.yungshinges.mlc.edu.tw,6,20,7,0.35,賽夏族,7,1,0,0,0,0,0,0,0,0,0,7,0,0,0,0,0,0,0,0,0
縣立南庄國中,苗栗縣南庄鄉南庄國民小學,國中,苗栗縣,公立,是,是,[353]苗栗縣南庄鄉東村中正路165號,(037)822027,http://web.njjh.mlc.edu.tw,8,182,95,0.52,賽夏族,71,0.75,0,0,0,23,0,1,0,0,0,71,0,0,0,0,0,0,0,0,0
蘭嶼國小,臺東縣蘭嶼鄉蘭嶼國民小學,國小,臺東縣,公立,是,是,[952]臺東縣蘭嶼鄉紅頭村1之1號,(089)731576,http://www.laps.ttct.edu.tw,6,26,24,0.92,雅美族,24,1,0,0,0,0,0,0,0,0,0,0,24,0,0,0,0,0,0,0,0
椰油國小,臺東縣蘭嶼鄉椰油國民小學,國小,臺東縣,公立,是,是,[952]臺東縣蘭嶼鄉椰油村忠孝街1號,(089)732017,http://www.yyps.ttct.edu.tw,6,70,69,0.99,雅美族,69,1,0,0,0,0,0,0,0,0,0,0,69,0,0,0,0,0,0,0,0
東清國小,臺東縣蘭嶼鄉東清國民小學,國小,臺東縣,公立,是,是,[952]臺東縣蘭嶼鄉東清村1號,(089)732989,http://www.donps.ttct.edu.tw,6,43,43,1,雅美族,43,1,0,0,0,0,0,0,0,0,0,0,43,0,0,0,0,0,0,0,0
朗島國小,臺東縣蘭嶼鄉朗島國民小學,國小,臺東縣,公立,是,是,[952]臺東縣蘭嶼鄉朗島村17號,(089)732019,http://www.lodps.ttct.edu.tw,6,31,30,0.97,雅美族,29,0.97,0,0,0,0,1,0,0,0,0,0,29,0,0,0,0,0,0,0,0
蘭嶼高中,臺東蘭嶼高級中學,完全中學,臺東縣,公立,是,是,[952]臺東縣蘭嶼鄉椰油村37號,(089)732016,http://www.layjh.ttct.edu.tw,9,151,150,0.99,雅美族,146,0.97,0,0,1,1,0,0,0,0,0,0,146,0,0,0,0,0,0,0,2
德化國小,南投縣魚池鄉德化國民小學,國小,南投縣,公立,是,是,[555]南投縣魚池鄉日月村中正路211巷1號,(049)2850441,http://www.dchps.ntct.edu.tw,6,36,11,0.31,邵族,10,0.91,0,0,1,0,0,0,0,0,0,0,0,10,0,0,0,0,0,0,0
新社國小,花蓮縣豐濱鄉新社國民小學,國小,花蓮縣,公立,是,是,[977]花蓮縣豐濱鄉新社村150號,(03)8711138,http://www.ssps.hlc.edu.tw,6,26,24,0.92,噶瑪蘭族,11,0.46,0,0,7,0,0,4,0,1,0,0,0,0,11,1,0,0,0,0,0
縣立新城國小,花蓮縣新城鄉新城國民小學,國小,花蓮縣,公立,是,是,[971]花蓮縣新城鄉新城村博愛路30號,(03)8611006,http://www.scps.hlc.edu.tw,13,229,177,0.77,太魯閣族,140,0.79,0,0,20,9,0,4,1,0,0,0,0,0,3,140,0,0,0,0,0
縣立康樂國小,花蓮縣新城鄉康樂國民小學,國小,花蓮縣,公立,是,是,[971]花蓮縣新城鄉康樂村康樂一街38號,(03)8265597,http://www.klps.hlc.edu.tw,6,71,47,0.66,太魯閣族/阿美族,22,0.47,21,0.45,21,3,0,0,1,0,0,0,0,0,0,22,0,0,0,0,0
縣立北林國小,花蓮縣鳳林鎮北林國民小學,國小,花蓮縣,公立,是,是,[975]花蓮縣鳳林鎮北林里平園路32號,(03)8762554,http://www.blps.hlc.edu.tw/index.php,6,20,8,0.4,太魯閣族,5,0.63,0,0,2,1,0,0,0,0,0,0,0,0,0,5,0,0,0,0,0
縣立長橋國小,花蓮縣鳳林鎮長橋國民小學,國小,花蓮縣,公立,是,是,[975]花蓮縣鳳林鎮長橋里長橋路2號,(03)8751654,http://www.chcps.hlc.edu.tw,6,37,22,0.59,太魯閣族,15,0.68,0,0,5,0,1,0,0,0,0,0,0,0,1,15,0,0,0,0,0
縣立林榮國小,花蓮縣鳳林鎮林榮國民小學,國小,花蓮縣,公立,是,是,[975]花蓮縣鳳林鎮林榮里永安街2號,(03)8771024,http://www.llps.hlc.edu.tw,6,22,12,0.55,太魯閣族,10,0.83,0,0,2,0,0,0,0,0,0,0,0,0,0,10,0,0,0,0,0
秀林國小,花蓮縣秀林鄉秀林國民小學,國小,花蓮縣,公立,是,是,[972]花蓮縣秀林鄉秀林村秀林路76號,(03)8611393,http://www.slips.hlc.edu.tw,6,79,78,0.99,太魯閣族,66,0.85,0,0,6,5,0,1,0,0,0,0,0,0,0,66,0,0,0,0,0
富世國小,花蓮縣秀林鄉富世國民小學,國小,花蓮縣,公立,是,是,[972]花蓮縣秀林鄉富世村127號,(03)8611431,http://www.fusps.hlc.edu.tw,6,68,68,1,太魯閣族,64,0.94,0,0,2,2,0,0,0,0,0,0,0,0,0,64,0,0,0,0,0
縣立崇德國小,花蓮縣秀林鄉崇德國民小學,國小,花蓮縣,公立,是,是,[972]花蓮縣秀林鄉崇德村72號,(03)8621220,http://www.cdps.hlc.edu.tw,6,69,69,1,太魯閣族,69,1,0,0,0,0,0,0,0,0,0,0,0,0,0,69,0,0,0,0,0
和平國小,花蓮縣秀林鄉和平國民小學,國小,花蓮縣,公立,是,是,[972]花蓮縣秀林鄉和平村112號,(03)8681056,http://www.hpps.hlc.edu.tw,6,86,72,0.84,太魯閣族,63,0.88,0,0,3,6,0,0,0,0,0,0,0,0,0,63,0,0,0,0,0
景美國小,花蓮縣秀林鄉景美國民小學,國小,花蓮縣,公立,是,是,[972]花蓮縣秀林鄉景美村加灣112號,(03)8266707,http://www.zmps.hlc.edu.tw,6,50,50,1,太魯閣族,50,1,0,0,0,0,0,0,0,0,0,0,0,0,0,50,0,0,0,0,0
三棧國小,花蓮縣秀林鄉三棧國民小學,國小,花蓮縣,公立,是,是,[972]花蓮縣秀林鄉景美村三棧102號,(03)8260330,http://www.szps.hlc.edu.tw,6,31,30,0.97,太魯閣族,30,1,0,0,0,0,0,0,0,0,0,0,0,0,0,30,0,0,0,0,0
佳民國小,花蓮縣秀林鄉佳民國民小學,國小,花蓮縣,公立,是,是,[972]花蓮縣秀林鄉佳民村119號,(03)8264900,http://www.cmps.hlc.edu.tw,6,44,44,1,太魯閣族,39,0.89,0,0,2,2,0,1,0,0,0,0,0,0,0,39,0,0,0,0,0
銅門國小,花蓮縣秀林鄉銅門國民小學,國小,花蓮縣,公立,是,是,[972]花蓮縣秀林鄉銅門村69號,(03)8641174,http://210.240.63.2,6,61,58,0.95,太魯閣族,44,0.76,0,0,4,7,0,1,0,0,0,0,0,0,0,44,0,2,0,0,0
水源國小,花蓮縣秀林鄉水源國民小學,國小,花蓮縣,公立,是,是,[972]花蓮縣秀林鄉水源村111號,(03)8570781,http://www.syps.hlc.edu.tw,6,89,89,1,太魯閣族,80,0.9,0,0,5,3,0,0,0,1,0,0,0,0,0,80,0,0,0,0,0
銅蘭國小,花蓮縣秀林鄉銅蘭國民小學,國小,花蓮縣,公立,是,是,[972]花蓮縣秀林鄉文蘭村70號,(03)8641005,http://www.tlaps.hlc.edu.tw,6,47,44,0.94,太魯閣族,35,0.8,0,0,2,3,1,3,0,0,0,0,0,0,0,35,0,0,0,0,0
文蘭國小,花蓮縣秀林鄉文蘭國民小學,國小,花蓮縣,公立,是,是,[972]花蓮縣秀林鄉文蘭村米亞丸1號,(03)8641020,http://www.wlps.hlc.edu.tw,6,58,47,0.81,太魯閣族/阿美族,28,0.6,16,0.34,16,2,0,1,0,0,0,0,0,0,0,28,0,0,0,0,0
萬榮國小,花蓮縣萬榮太魯閣民族教育小學,國小,花蓮縣,公立,是,是,[979]花蓮縣萬榮鄉萬榮村2鄰31號,(03)8751449,http://www.wlops.hlc.edu.tw,6,54,52,0.96,太魯閣族,51,0.98,0,0,1,0,0,0,0,0,0,0,0,0,0,51,0,0,0,0,0
明利國小,花蓮縣萬榮鄉明利國民小學,國小,花蓮縣,公立,是,是,[979]花蓮縣萬榮鄉明利村35號,(03)8751048,http://www.mlps.hlc.edu.tw,6,46,46,1,太魯閣族,46,1,0,0,0,0,0,0,0,0,0,0,0,0,0,46,0,0,0,0,0
見晴國小,花蓮縣萬榮鄉見晴國民小學,國小,花蓮縣,公立,是,是,[979]花蓮縣萬榮鄉見晴村89號,(03)8771574,http://www.cchps.hlc.edu.tw,6,44,43,0.98,太魯閣族,37,0.86,0,0,2,0,0,1,2,0,0,0,0,0,0,37,0,0,0,0,1
縣立西林國小,花蓮縣萬榮鄉西林國民小學,國小,花蓮縣,公立,是,是,[979]花蓮縣萬榮鄉西林村8鄰114號,(03)8771064,http://www.slps.hlc.edu.tw,6,74,73,0.99,太魯閣族,69,0.95,0,0,1,0,2,0,1,0,0,0,0,0,0,69,0,0,0,0,0
紅葉國小,花蓮縣萬榮鄉紅葉國民小學,國小,花蓮縣,公立,是,是,[979]花蓮縣萬榮鄉紅葉村1鄰4號,(03)8872784,http://www.hyps.hlc.edu.tw,6,52,52,1,太魯閣族,46,0.88,0,0,1,0,0,5,0,0,0,0,0,0,0,46,0,0,0,0,0
縣立立山國小,花蓮縣卓溪鄉立山國民小學,國小,花蓮縣,公立,是,是,[982]花蓮縣卓溪鄉立山村9鄰90號,(03)8841358,http://www.lsps.hlc.edu.tw,6,44,43,0.98,太魯閣族/賽德克族,20,0.47,18,0.42,0,0,0,5,0,0,0,0,0,0,0,20,0,18,0,0,0
西寶國小,花蓮縣秀林鄉西寶國民小學,國小,花蓮縣,公立,是,是,[972]花蓮縣秀林鄉富世村西寶11號,(03)8691040,http://www.spps.hlc.edu.tw,6,38,20,0.53,太魯閣族,13,0.65,0,0,4,0,1,2,0,0,0,0,0,0,0,13,0,0,0,0,0
縣立秀林國中,花蓮縣立秀林國民中學,國中,花蓮縣,公立,是,是,[971]花蓮縣新城鄉新城村中山路56號,(03)8611010,http://www.sljh.hlc.edu.tw,11,242,222,0.92,太魯閣族,193,0.87,0,0,22,7,0,0,0,0,0,0,0,0,0,193,0,0,0,0,0
縣立新城國中,花蓮縣立新城國民中學,國中,花蓮縣,公立,是,是,[971]花蓮縣新城鄉北埔村北埔路143號,(03)8263911,http://www.scjh.hlc.edu.tw,13,306,207,0.68,太魯閣族/阿美族,111,0.54,82,0.4,82,6,1,3,0,0,0,0,0,0,1,111,3,0,0,0,0
縣立吉安國中,花蓮縣立吉安國民中學,國中,花蓮縣,公立,是,是,[973]花蓮縣吉安鄉中山路三段662號,(03)8523136,http://www.cajh.hlc.edu.tw,14,321,194,0.6,太魯閣族,118,0.61,0,0,52,11,2,7,1,0,0,0,0,0,0,118,3,0,0,0,0
縣立平和國中,花蓮縣立平和國民中學,國中,花蓮縣,公立,是,是,[974]花蓮縣壽豐鄉平和村平和路48號,(03)8661221,http://www.phjh.hlc.edu.tw,6,85,63,0.74,太魯閣族/阿美族,32,0.51,30,0.48,30,0,1,0,0,0,0,0,0,0,0,32,0,0,0,0,0
縣立鳳林國中,花蓮縣立鳳林國民中學,國中,花蓮縣,公立,是,是,[975]花蓮縣鳳林鎮光復路8號,(03)8761101,http://www.fles.hlc.edu.tw,13,269,129,0.48,太魯閣族/阿美族,74,0.57,49,0.38,49,4,0,1,1,0,0,0,0,0,0,74,0,0,0,0,0
縣立萬榮國中,花蓮縣立萬榮國民中學,國中,花蓮縣,公立,是,是,[975]花蓮縣鳳林鎮長橋路1號,(03)8751264,http://www.wljh.hlc.edu.tw,4,55,52,0.95,太魯閣族,46,0.88,0,0,1,2,2,1,0,0,0,0,0,0,0,46,0,0,0,0,0
縣立仁愛國小,南投縣仁愛鄉仁愛國民小學,國小,南投縣,公立,是,是,[546]南投縣仁愛鄉大同村山農巷5號,(049)2802373,http://www.raes.ntct.edu.tw,6,62,50,0.81,賽德克族,36,0.72,0,0,0,9,0,5,0,0,0,0,0,0,0,0,0,36,0,0,0
合作國小,南投縣仁愛鄉合作國民小學,國小,南投縣,公立,是,是,[546]南投縣仁愛鄉合作村平生路23號,(049)2970063,http://www.hzps.ntct.edu.tw,6,34,34,1,賽德克族,34,1,0,0,0,0,0,0,0,0,0,0,0,0,0,0,0,34,0,0,0
互助國小,南投縣仁愛鄉互助國民小學,國小,南投縣,公立,是,是,[546]南投縣仁愛鄉互助村中華路19號,(049)2941016,http://www.hgps.ntct.edu.tw/,6,57,56,0.98,賽德克族,48,0.86,0,0,2,6,0,0,0,0,0,0,0,0,0,0,0,48,0,0,0
南豐國小,南投縣仁愛鄉南豐國民小學,國小,南投縣,公立,是,是,[546]南投縣仁愛鄉南豐村楓林路3號,(049)2920037,http://www.nfps.ntct.edu.tw,6,39,34,0.87,賽德克族,28,0.82,0,0,1,1,1,3,0,0,0,0,0,0,0,0,0,28,0,0,0
廬山國小,南投縣仁愛鄉廬山國民小學,國小,南投縣,公立,是,是,[546]南投縣仁愛鄉精英村中華巷19號,(049)2970385,http://a175.ntct.edu.tw,6,46,46,1,賽德克族,40,0.87,0,0,0,5,0,1,0,0,0,0,0,0,0,0,0,40,0,0,0
都達國小,南投縣仁愛鄉都達國民小學,國小,南投縣,公立,是,是,[546]南投縣仁愛鄉都達村法觀路17號,(049)2970053,http://www.tdps.ntct.edu.tw/,6,39,39,1,賽德克族,31,0.79,0,0,0,3,0,3,0,0,0,0,0,0,0,2,0,31,0,0,0
春陽國小,南投縣仁愛鄉春陽國民小學,國小,南投縣,公立,是,是,[546]南投縣仁愛鄉春陽村永樂巷58號,(049)2802573,http://www.cwps.ntct.edu.tw/bin/home.php,6,63,63,1,賽德克族,63,1,0,0,0,0,0,0,0,0,0,0,0,0,0,0,0,63,0,0,0
縣立清境國小,南投縣仁愛鄉清境國民小學,國小,南投縣,公立,是,是,[546]南投縣仁愛鄉定遠新村24號,(049)2802572,http://www.cgps.ntct.edu.tw/bin/home.php,6,44,18,0.41,賽德克族,12,0.67,0,0,0,0,1,3,0,0,0,0,0,2,0,0,0,12,0,0,0
縣立北梅國中,南投縣立北梅國民中學,國中,南投縣,公立,否,是,[544]南投縣國姓鄉北港村國姓路62號,(049)2461004,http://www.bmjh.ntct.edu.tw,3,58,32,0.55,賽德克族,28,0.88,0,0,1,2,0,1,0,0,0,0,0,0,0,0,0,28,0,0,0
縣立仁愛國中,南投縣立仁愛國民中學,國中,南投縣,公立,是,是,[546]南投縣仁愛鄉大同村信義巷28號,(049)2802206,http://www.jyjh.ntct.edu.tw,8,163,145,0.89,賽德克族,82,0.57,0,0,0,29,4,29,0,0,0,0,0,0,0,1,0,82,0,0,0
