key,school,lat,lng,校名全銜,等級別,縣市名稱,公/私立,原區,是否重點學校,地址,全校班級數,全校學生數,原住民籍學生總數,主要/次要民族（30%以上）                     ,主要民族學生總數,次要民族學生總數,阿美族,泰雅族,排灣族,布農族,卑南族,魯凱族,鄒族,賽夏族,雅美族,邵族,噶瑪蘭族,太魯閣族,撒奇萊雅族,賽德克族,拉阿魯哇族,卡那卡那富族,尚未申報族籍
0,市立大同國小,24.9813252,121.4174652,新北市樹林區大同國民小學,國小,新北市,公立,否,是,[238]新北市樹林區大同里大同街43號,56,1398,102,阿美族,83,0,83,3,2,3,6,0,0,0,0,0,2,3,0,0,0,0,0
1,市立三峽國小,24.9345806,121.3700769,新北市三峽區三峽國民小學,國小,新北市,公立,否,是,[237]新北市三峽區中山路16號,52,1317,102,阿美族,74,0,74,6,7,7,1,0,0,2,0,0,0,5,0,0,0,0,0
2,市立樟樹國小,25.0664982,121.6417674,新北市汐止區樟樹國民小學,國小,新北市,公立,否,是,[221]新北市汐止區樟樹一路141巷2號,25,586,108,阿美族,98,0,98,3,5,0,0,0,0,0,0,0,0,1,1,0,0,0,0
3,市立僑愛國小,24.920377,121.2928398,桃園市大溪區僑愛國民小學,國小,桃園市,公立,否,是,[335]桃園市大溪區仁義里介壽路214號,35,828,168,阿美族/泰雅族,90,55,90,55,11,9,0,1,1,1,0,0,0,0,0,0,0,0,0
4,縣立豐里國小,22.7367818,121.1218194,臺東縣臺東市豐里國民小學,國小,臺東縣,公立,是,是,[950]臺東縣臺東市中華路三段80號,8,130,66,阿美族,54,0,54,1,2,1,6,1,0,0,1,0,0,0,0,0,0,0,0
5,縣立豐榮國小,22.746715,121.137239,臺東縣臺東市豐榮國民小學,國小,臺東縣,公立,是,是,[950]臺東縣臺東市中華路二段154巷150號,17,405,168,阿美族,107,0,107,1,36,7,12,0,0,0,2,0,0,0,0,3,0,0,0
6,縣立康樂國小,22.7544289,121.1195118,臺東縣臺東市康樂國民小學,國小,臺東縣,公立,是,是,[950]臺東縣臺東市山西路一段256號,12,249,95,阿美族,63,0,63,0,15,6,8,0,0,0,3,0,0,0,0,0,0,0,0
7,縣立豐年國小,22.7710435,121.1111593,臺東縣臺東市豐年國民小學,國小,臺東縣,公立,是,是,[950]臺東縣臺東市中興路三段320號,6,62,48,阿美族,25,0,25,0,12,5,3,2,0,0,1,0,0,0,0,0,0,0,0
8,卑南國小,22.7819112,121.1195137,臺東縣臺東市卑南國民小學,國小,臺東縣,公立,是,是,[950]臺東縣臺東市卑南里更生北路317號,13,258,104,阿美族,61,0,61,0,3,20,14,0,0,0,4,0,0,2,0,0,0,0,0
9,縣立岩灣國小,22.8064951,121.1249003,臺東縣臺東市岩灣國民小學,國小,臺東縣,公立,是,是,[950]臺東縣臺東市岩灣路50巷401弄11號,6,56,21,阿美族,17,0,17,0,2,2,0,0,0,0,0,0,0,0,0,0,0,0,0
10,縣立豐田國小,22.774836,121.086367,臺東縣臺東市豐田國民小學,國小,臺東縣,公立,是,是,[950]臺東縣臺東市中興路四段750號,14,246,115,阿美族,48,0,48,0,26,2,31,5,0,2,0,0,0,1,0,0,0,0,0
11,縣立富岡國小,22.7942873,121.1938238,臺東縣臺中市富岡國民小學,國小,臺東縣,公立,是,是,[950]臺東縣臺東市松江路一段441號,6,63,36,阿美族,32,0,32,1,0,1,1,1,0,0,0,0,0,0,0,0,0,0,0
12,初鹿國小,22.8602404,121.0922338,臺東縣卑南鄉初鹿國民小學,國小,臺東縣,公立,是,是,[954]臺東縣卑南鄉初鹿村梅園路97號,6,99,52,阿美族/卑南族,31,20,31,0,1,0,20,0,0,0,0,0,0,0,0,0,0,0,0
13,縣立富山國小,22.8316741,121.1767658,臺東縣卑南鄉富山國民小學,國小,臺東縣,公立,是,是,[954]臺東縣卑南鄉富山村漁場三鄰66號,11,67,29,阿美族,24,0,24,0,2,0,3,0,0,0,0,0,0,0,0,0,0,0,0
14,縣立鹿野國小,22.9091532,121.1363855,臺東縣鹿野鄉鹿野國民小學,國小,臺東縣,公立,是,是,[955]臺東縣鹿野鄉鹿野村中華路一段402號,6,51,25,阿美族,17,0,17,0,0,7,1,0,0,0,0,0,0,0,0,0,0,0,0
15,縣立永安國小,22.9330641,121.1281921,臺東縣鹿野鄉永安國民小學,國小,臺東縣,公立,是,是,[955]臺東縣鹿野鄉永安村鹿寮路31號,6,51,24,阿美族,21,0,21,0,0,0,1,0,0,0,2,0,0,0,0,0,0,0,0
16,縣立瑞豐國小,22.9787698,121.1374914,臺東縣鹿野鄉瑞豐國民小學,國小,臺東縣,公立,是,是,[955]臺東縣鹿野鄉瑞豐村中山路67號,6,40,14,阿美族,10,0,10,0,2,2,0,0,0,0,0,0,0,0,0,0,0,0,0
17,縣立瑞源國小,22.9580605,121.1555403,臺東縣鹿野鄉瑞源國民小學,國小,臺東縣,公立,是,是,[955]臺東縣鹿野鄉瑞源村文化路67號,6,90,44,阿美族,41,0,41,0,0,3,0,0,0,0,0,0,0,0,0,0,0,0,0
18,縣立關山國小,23.0499028,121.1635582,臺東縣關山鎮關山國民小學,國小,臺東縣,公立,是,是,[956]臺東縣關山鎮中華路101號,15,321,135,阿美族/布農族,76,48,76,6,0,48,0,0,0,2,0,0,0,3,0,0,0,0,0
19,縣立月眉國小,23.009368,121.148618,臺東縣關山鎮月眉國民小學,國小,臺東縣,公立,是,是,[956]臺東縣關山鎮月眉里盛豐路二鄰1號,6,19,7,阿美族,6,0,6,0,0,1,0,0,0,0,0,0,0,0,0,0,0,0,0
20,縣立德高國小,23.0741596,121.1779861,臺東縣關山鎮德高國民小學,國小,臺東縣,公立,是,是,[956]臺東縣關山鎮德高里7鄰永豐16號,6,29,26,阿美族,26,0,26,0,0,0,0,0,0,0,0,0,0,0,0,0,0,0,0
21,電光國小,23.010073,121.173513,臺東縣關山鎮電光國民小學,國小,臺東縣,公立,是,是,[956]臺東縣關山鎮電光里中興路93號,6,17,16,阿美族,16,0,16,0,0,0,0,0,0,0,0,0,0,0,0,0,0,0,0
22,縣立大坡國小,23.1259838,121.2268647,臺東縣池上鄉大坡國民小學,國小,臺東縣,公立,是,是,[958]臺東縣池上鄉慶豐村八鄰87號,6,30,15,阿美族,14,0,14,0,0,1,0,0,0,0,0,0,0,0,0,0,0,0,0
23,縣立萬安國小,23.095415,121.218516,臺東縣池上鄉萬安國民小學,國小,臺東縣,公立,是,是,[958]臺東縣池上鄉萬安村一鄰5之2號,10,55,21,阿美族,13,0,13,3,1,4,0,0,0,0,0,0,0,0,0,0,0,0,0
24,縣立東河國小,22.9691362,121.3031509,臺東縣東河鄉東河國民小學,國小,臺東縣,公立,是,是,[959]臺東縣東河鄉東河村十六鄰35號,6,40,27,阿美族,24,0,24,0,0,0,3,0,0,0,0,0,0,0,0,0,0,0,0
25,縣立都蘭國小,22.8742934,121.217363,臺東縣東河鄉都蘭國民小學,國小,臺東縣,公立,是,是,[959]臺東縣東河鄉都蘭村431號,6,70,35,阿美族,29,0,29,1,2,3,0,0,0,0,0,0,0,0,0,0,0,0,0
26,縣立泰源國小,23.0020802,121.2511908,臺東縣東河鄉泰源國民小學,國小,臺東縣,公立,是,是,[959]臺東縣東河鄉泰源村11鄰297號,6,75,48,阿美族,47,0,47,1,0,0,0,0,0,0,0,0,0,0,0,0,0,0,0
27,縣立北源國小,23.0394941,121.2922515,臺東縣東河鄉北源國民小學,國小,臺東縣,公立,是,是,[959]臺東縣東河鄉北源村順那21號,6,18,12,阿美族,12,0,12,0,0,0,0,0,0,0,0,0,0,0,0,0,0,0,0
28,縣立三民國小,23.1020974,121.3712347,臺東縣成功鎮三民國民小學,國小,臺東縣,公立,是,是,[961]臺東縣成功鎮三民路18號,12,93,70,阿美族,64,0,64,0,5,0,0,0,0,0,1,0,0,0,0,0,0,0,0
29,縣立信義國小,23.0270146,121.330733,臺東縣成功鎮信義國民小學,國小,臺東縣,公立,是,是,[961]臺東縣成功鎮信義里都歷路58號,6,60,51,阿美族,50,0,50,0,0,1,0,0,0,0,0,0,0,0,0,0,0,0,0
30,縣立三仙國小,23.1232236,121.4057841,臺東縣成功鎮三仙國民小學,國小,臺東縣,公立,是,是,[961]臺東縣成功鎮三仙里基翬路八鄰16號,6,48,43,阿美族,43,0,43,0,0,0,0,0,0,0,0,0,0,0,0,0,0,0,0
31,縣立忠孝國小,23.1576749,121.4000715,臺東縣成功鎮忠孝國民小學,國小,臺東縣,公立,是,是,[961]臺東縣成功鎮忠孝里成廣路8號,11,43,33,阿美族,32,0,32,0,0,0,0,0,0,0,0,0,0,1,0,0,0,0,0
32,縣立長濱國小,23.3154459,121.4524219,臺東縣長濱鄉長濱國民小學,國小,臺東縣,公立,是,是,[962]臺東縣長濱鄉長濱村五鄰11號,6,92,51,阿美族,49,0,49,1,0,0,0,0,0,0,0,0,1,0,0,0,0,0,0
33,縣立寧埔國小,23.2488795,121.3884671,臺東縣長濱鄉寧埔國民小學,國小,臺東縣,公立,是,是,[962]臺東縣長濱鄉寧埔村十鄰41號,6,45,41,阿美族,36,0,36,1,2,0,0,0,0,0,0,0,0,2,0,0,0,0,0
34,縣立竹湖國小,23.3028833,121.4196045,臺東縣長濱鄉竹湖國民小學,國小,臺東縣,公立,是,是,[962]臺東縣長濱鄉竹湖村十鄰14號,6,30,18,阿美族,18,0,18,0,0,0,0,0,0,0,0,0,0,0,0,0,0,0,0
35,縣立三間國小,23.3557728,121.4680766,臺東縣長濱鄉三間國民小學,國小,臺東縣,公立,是,是,[962]臺東縣長濱鄉三間村七鄰16號,6,37,20,阿美族,19,0,19,0,1,0,0,0,0,0,0,0,0,0,0,0,0,0,0
36,縣立樟原國小,23.413682,121.4831012,臺東縣長濱鄉樟原國民小學,國小,臺東縣,公立,是,是,[962]臺東縣長濱鄉樟原村一鄰7號,5,21,21,阿美族,16,0,16,0,0,3,0,0,0,0,0,0,2,0,0,0,0,0,0
37,縣立興隆國小,22.8950275,121.2479246,臺東縣東河鄉興隆國民小學,國小,臺東縣,公立,是,是,[959]臺東縣東河鄉興昌村155號,6,50,21,阿美族,19,0,19,1,0,0,1,0,0,0,0,0,0,0,0,0,0,0,0
38,縣立明恥國小,23.9921521,121.6309865,花蓮縣花蓮市明恥國民小學,國小,花蓮縣,公立,是,是,[970]花蓮縣花蓮市中興路41號,14,239,111,阿美族,57,0,57,9,0,10,2,0,0,0,0,0,1,29,0,3,0,0,0
39,縣立信義國小,23.970891,121.6063849,花蓮縣花蓮市信義國民小學,國小,花蓮縣,公立,是,是,[970]花蓮縣花蓮市主計里信義街1號,6,75,31,阿美族,18,0,18,1,0,0,0,0,0,0,0,0,3,9,0,0,0,0,0
40,縣立復興國小,24.0064795,121.6184133,花蓮縣花蓮市復興國民小學,國小,花蓮縣,公立,是,是,[970]花蓮縣花蓮市府前路682號,6,120,66,阿美族,41,0,41,4,0,2,2,0,0,0,0,0,0,16,0,1,0,0,0
41,縣立中華國小,23.9924783,121.6067409,花蓮縣花蓮市中華國民小學,國小,花蓮縣,公立,是,是,[970]花蓮縣花蓮市國盛二街22號,14,287,112,阿美族,66,0,66,8,1,6,0,0,0,0,0,0,2,29,0,0,0,0,0
42,縣立國福國小,24.0092193,121.5806043,花蓮縣花蓮市國福國民小學,國小,花蓮縣,公立,是,是,[970]花蓮縣花蓮市福光街277巷1號,6,28,17,阿美族,13,0,13,0,0,0,0,0,0,0,0,0,0,0,4,0,0,0,0
43,縣立北埔國小,24.0318043,121.6048396,花蓮縣新城鄉北埔國民小學,國小,花蓮縣,公立,是,是,[971]花蓮縣新城鄉北埔路170號,18,408,261,阿美族/太魯閣族,134,91,134,11,1,16,1,1,0,1,0,0,0,91,5,0,0,0,0
44,縣立嘉里國小,24.0142977,121.6089971,花蓮縣新城鄉嘉里國民小學,國小,花蓮縣,公立,是,是,[971]花蓮縣新城鄉嘉里村嘉里三街28號,6,73,44,阿美族,24,0,24,3,0,4,1,0,0,0,0,0,1,11,0,0,0,0,0
45,縣立吉安國小,23.9733369,121.5629335,花蓮縣吉安鄉吉安國民小學,國小,花蓮縣,公立,是,是,[973]花蓮縣吉安鄉吉安路二段97號,12,222,94,阿美族/太魯閣族,40,33,40,3,2,13,1,0,0,0,0,0,2,33,0,0,0,0,0
46,縣立宜昌國小,23.9710905,121.5854603,花蓮縣吉安鄉宜昌國民小學,國小,花蓮縣,公立,是,是,[973]花蓮縣吉安鄉宜昌一街45號,31,820,304,阿美族,228,0,228,8,6,16,5,0,0,0,0,0,2,36,0,1,2,0,0
47,縣立光華國小,23.935626,121.5789465,花蓮縣吉安鄉光華國民小學,國小,花蓮縣,公立,是,是,[973]花蓮縣吉安鄉光華村光華二街180號,6,73,42,阿美族,26,0,26,0,0,8,0,0,0,0,0,0,0,8,0,0,0,0,0
48,縣立南華國小,23.9486147,121.5479174,花蓮縣吉安鄉南華國民小學,國小,花蓮縣,公立,是,是,[973]花蓮縣吉安鄉干城村吉安路6段60號,6,81,41,阿美族/太魯閣族,24,14,24,1,2,0,0,0,0,0,0,0,0,14,0,0,0,0,0
49,縣立化仁國小,23.9627687,121.5965396,花蓮縣吉安鄉化仁國民小學,國小,花蓮縣,公立,是,是,[973]花蓮縣吉安鄉東里十一街83號,12,222,143,阿美族,117,0,117,4,1,6,0,0,0,1,0,0,1,13,0,0,0,0,0
50,縣立壽豐國小,23.8705053,121.5080429,花蓮縣吉安鄉太昌國民小學,國小,花蓮縣,公立,是,是,[974]花蓮縣壽豐鄉壽豐村壽山路37號,6,133,68,阿美族,59,0,59,1,0,2,0,0,0,0,0,0,0,6,0,0,0,0,0
51,縣立豐裡國小,23.8416086,121.5077305,花蓮縣壽豐鄉壽豐國民小學,國小,花蓮縣,公立,是,是,[974]花蓮縣壽豐鄉豐裡村中山路299號,6,78,32,阿美族,32,0,32,0,0,0,0,0,0,0,0,0,0,0,0,0,0,0,0
52,縣立平和國小,23.8838669,121.5192003,花蓮縣壽豐鄉豐裡國民小學,國小,花蓮縣,公立,是,是,[974]花蓮縣壽豐鄉平和路34號,6,39,13,阿美族,10,0,10,2,0,0,0,0,0,0,0,0,0,1,0,0,0,0,0
53,縣立溪口國小,23.8191625,121.4734668,花蓮縣壽豐鄉溪口國民小學,國小,花蓮縣,公立,是,是,[974]花蓮縣壽豐鄉溪口村溪口路87號,6,27,18,阿美族,15,0,15,3,0,0,0,0,0,0,0,0,0,0,0,0,0,0,0
54,縣立月眉國小,23.8681506,121.5560897,花蓮縣壽豐鄉月眉國民小學,國小,花蓮縣,公立,是,是,[974]花蓮縣壽豐鄉月眉村月眉三段24號,6,29,24,阿美族,22,0,22,1,0,0,0,0,0,0,0,0,0,1,0,0,0,0,0
55,縣立水璉國小,23.7830063,121.5641899,花蓮縣壽豐鄉水璉國民小學,國小,花蓮縣,公立,是,是,[974]花蓮縣壽豐鄉水璉村水璉二街20號,6,30,21,阿美族,20,0,20,0,0,0,0,0,0,0,0,0,0,1,0,0,0,0,0
56,縣立大榮國小,23.7541226,121.46864,花蓮縣鳳林鎮大榮國民小學,國小,花蓮縣,公立,是,是,[975]花蓮縣鳳林鎮大榮里復興路85號,6,38,22,阿美族/布農族,12,7,12,1,0,7,0,0,0,0,0,0,0,2,0,0,0,0,0
57,光復國小,23.6736105,121.4271944,花蓮縣光復鄉光復國民小學,國小,花蓮縣,公立,是,是,[976]花蓮縣光復鄉大馬村中山路三段75號,8,144,103,阿美族,90,0,90,2,1,0,1,0,1,0,0,0,3,5,0,0,0,0,0
58,太巴塱國小,23.6599411,121.4486881,花蓮縣光復鄉太巴塱國民小學,國小,花蓮縣,公立,是,是,[976]花蓮縣光復鄉中正路二段23號,6,100,90,阿美族,89,0,89,1,0,0,0,0,0,0,0,0,0,0,0,0,0,0,0
59,縣立瑞穗國小,23.4971096,121.3740296,花蓮縣瑞穗鄉瑞穗國民小學,國小,花蓮縣,公立,是,是,[978]花蓮縣瑞穗鄉溫泉路一段19號,13,237,107,阿美族,64,0,64,4,1,11,0,1,1,0,0,0,0,22,3,0,0,0,0
60,縣立瑞美國小,23.4935669,121.3914663,花蓮縣瑞穗鄉瑞美國民小學,國小,花蓮縣,公立,是,是,[978]花蓮縣瑞穗鄉中山路二段389號,6,45,22,阿美族,21,0,21,1,0,0,0,0,0,0,0,0,0,0,0,0,0,0,0
61,縣立鶴岡國小,23.5234112,121.3904317,花蓮縣瑞穗鄉鶴岡國民小學,國小,花蓮縣,公立,是,是,[978]花蓮縣瑞穗鄉鶴岡村167號,6,16,14,阿美族,14,0,14,0,0,0,0,0,0,0,0,0,0,0,0,0,0,0,0
62,縣立舞鶴國小,23.4479003,121.3540722,花蓮縣瑞穗鄉舞鶴國民小學,國小,花蓮縣,公立,是,是,[978]花蓮縣瑞穗鄉舞鶴村64號,6,29,23,阿美族,16,0,16,0,0,3,0,0,0,0,0,0,0,0,4,0,0,0,0
63,縣立富源國小,23.5785546,121.3755732,花蓮縣瑞穗鄉富源國民小學,國小,花蓮縣,公立,是,是,[978]花蓮縣瑞穗鄉富源村30號,6,78,59,阿美族,51,0,51,1,0,4,0,0,0,0,0,0,0,3,0,0,0,0,0
64,縣立豐濱國小,23.5975123,121.520752,花蓮縣豐濱鄉豐濱國民小學,國小,花蓮縣,公立,是,是,[977]花蓮縣豐濱鄉豐濱村民族街5號,6,48,37,阿美族,33,0,33,0,0,0,0,0,0,0,0,0,3,1,0,0,0,0,0
65,港口國小,23.4684753,121.496781,花蓮縣豐濱鄉港口國民小學,國小,花蓮縣,公立,是,是,[977]花蓮縣豐濱鄉港口村43號,5,14,14,阿美族,14,0,14,0,0,0,0,0,0,0,0,0,0,0,0,0,0,0,0
66,縣立靜浦國小,23.4615277,121.4950783,花蓮縣豐濱鄉靜浦國民小學,國小,花蓮縣,公立,是,是,[977]花蓮縣豐濱鄉靜浦村64號,6,14,13,阿美族,13,0,13,0,0,0,0,0,0,0,0,0,0,0,0,0,0,0,0
67,縣立觀音國小,23.3950128,121.3566521,花蓮縣玉里鎮觀音國民小學,國小,花蓮縣,公立,是,是,[981]花蓮縣玉里鎮觀音里16鄰9號,6,16,12,阿美族/布農族,8,4,8,0,0,4,0,0,0,0,0,0,0,0,0,0,0,0,0
68,縣立高寮國小,23.3829887,121.3589776,花蓮縣玉里鎮高寮國民小學,國小,花蓮縣,公立,是,是,[981]花蓮縣玉里鎮高寮92號,6,46,30,阿美族,27,0,27,1,0,1,1,0,0,0,0,0,0,0,0,0,0,0,0
69,縣立松浦國小,23.428489,121.373591,花蓮縣玉里鎮松浦國民小學,國小,花蓮縣,公立,是,是,[981]花蓮縣玉里鎮松浦里12鄰212號,6,54,45,阿美族,44,0,44,1,0,0,0,0,0,0,0,0,0,0,0,0,0,0,0
70,縣立春日國小,23.4519949,121.3931207,花蓮縣玉里鎮春日國民小學,國小,花蓮縣,公立,是,是,[981]花蓮縣玉里鎮春日里泰林95號,6,39,31,阿美族,29,0,29,1,0,1,0,0,0,0,0,0,0,0,0,0,0,0,0
71,德武國小,23.4664745,121.4053574,花蓮縣玉里鎮德武國民小學,國小,花蓮縣,公立,是,是,[981]花蓮縣玉里鎮德武里9鄰171號,6,27,27,阿美族,27,0,27,0,0,0,0,0,0,0,0,0,0,0,0,0,0,0,0
72,縣立明里國小,23.200798,121.250755,花蓮縣富里鄉明里國民小學,國小,花蓮縣,公立,是,是,[983]花蓮縣富里鄉明里村1鄰16號,6,33,18,阿美族/布農族,11,6,11,0,0,6,0,0,0,0,0,0,0,1,0,0,0,0,0
73,縣立吳江國小,23.2792022,121.3221976,花蓮縣富里鄉吳江國民小學,國小,花蓮縣,公立,是,是,[983]花蓮縣富里鄉吳江村6鄰52號,6,24,13,阿美族/布農族,9,4,9,0,0,4,0,0,0,0,0,0,0,0,0,0,0,0,0
74,縣立學田國小,23.1556255,121.2273794,花蓮縣富里鄉學田國民小學,國小,花蓮縣,公立,是,是,[983]花蓮縣富里鄉學田村光明路1號,6,34,15,阿美族,12,0,12,0,0,3,0,0,0,0,0,0,0,0,0,0,0,0,0
75,縣立永豐國小,23.1549908,121.2663286,花蓮縣富里鄉永豐國民小學,國小,花蓮縣,公立,是,是,[983]花蓮縣富里鄉豐南村永豐84號,6,27,21,阿美族,21,0,21,0,0,0,0,0,0,0,0,0,0,0,0,0,0,0,0
76,奇美國小,23.4969819,121.4461535,花蓮縣瑞穗鄉奇美國民小學,國小,花蓮縣,公立,是,是,[978]花蓮縣瑞穗鄉奇美村47號,6,9,8,阿美族,7,0,7,0,0,1,0,0,0,0,0,0,0,0,0,0,0,0,0
77,縣立西富國小,23.6366536,121.4297241,花蓮縣光復鄉西富國民小學,國小,花蓮縣,公立,是,是,[976]花蓮縣光復鄉西富村民有街51巷3號,6,29,17,阿美族,17,0,17,0,0,0,0,0,0,0,0,0,0,0,0,0,0,0,0
78,縣立大興國小,23.6323405,121.3986164,花蓮縣光復鄉大興國民小學,國小,花蓮縣,公立,是,是,[976]花蓮縣光復鄉大興村民權街17號,6,36,24,阿美族,22,0,22,0,0,2,0,0,0,0,0,0,0,0,0,0,0,0,0
79,市立八斗國小,25.1387799,121.7978416,基隆市中正區八斗國民小學,國小,基隆市,公立,否,是,[202]基隆市中正區北寧路396巷52號,21,432,111,阿美族,105,0,105,1,2,0,2,0,0,0,0,0,0,1,0,0,0,0,0
80,縣立寶桑國中,22.7695242,121.1435549,臺東縣立寶桑國民中學,國中,臺東縣,公立,是,是,[950]臺東縣臺東市仁七街1號,17,379,137,阿美族,85,0,85,0,26,5,13,2,0,0,5,0,0,1,0,0,0,0,0
81,縣立卑南國中,22.788454,121.1119343,臺東縣立卑南國民中學,國中,臺東縣,公立,是,是,[950]臺東縣臺東市更生北路766號,14,263,160,阿美族/卑南族,72,51,72,5,13,13,51,3,0,0,0,1,0,2,0,0,0,0,0
82,縣立豐田國中,22.7729766,121.0895376,臺東縣立豐田國民中學,國中,臺東縣,公立,是,是,[950]臺東縣臺東市中興路四段611巷56弄27號,9,200,117,阿美族,44,0,44,1,32,8,19,12,0,0,1,0,0,0,0,0,0,0,0
83,縣立鹿野國中,22.9069333,121.1351612,臺東縣立鹿野國民中學,國中,臺東縣,公立,是,是,[955]臺東縣鹿野鄉龍田村光榮路38號,7,116,74,阿美族/布農族,39,32,39,0,1,32,2,0,0,0,0,0,0,0,0,0,0,0,0
84,縣立瑞源國中,22.9738617,121.1571603,臺東縣立瑞源國民中學,國中,臺東縣,公立,是,是,[955]臺東縣鹿野鄉瑞和村瑞景路三段1號,3,37,27,阿美族,24,0,24,0,0,3,0,0,0,0,0,0,0,0,0,0,0,0,0
85,縣立池上國中,23.1148377,121.204932,臺東縣立池上國民中學,國中,臺東縣,公立,是,是,[958]臺東縣池上鄉新興村力學路88號,9,200,73,阿美族/布農族,41,28,41,1,2,28,1,0,0,0,0,0,0,0,0,0,0,0,0
86,縣立都蘭國中,22.8745707,121.2245664,臺東縣立都蘭國民中學,國中,臺東縣,公立,是,是,[959]臺東縣東河鄉都蘭村398號,6,103,59,阿美族,57,0,57,0,0,0,2,0,0,0,0,0,0,0,0,0,0,0,0
87,縣立泰源國中,23.001521,121.289998,臺東縣立泰源國民中學,國中,臺東縣,公立,是,是,[959]臺東縣東河鄉北源村3鄰30號,6,107,89,阿美族,84,0,84,5,0,0,0,0,0,0,0,0,0,0,0,0,0,0,0
88,縣立新港國中,23.101718,121.376944,臺東縣立新港國民中學,國中,臺東縣,公立,是,是,[961]臺東縣成功鎮中正路1號,12,272,135,阿美族,126,0,126,2,2,3,2,0,0,0,0,0,0,0,0,0,0,0,0
89,長濱國中,23.3151852,121.4588701,臺東長濱國民中學,國中,臺東縣,公立,是,是,[962]臺東縣長濱鄉長濱村15鄰180號,6,115,64,阿美族,56,0,56,3,1,1,0,0,0,0,0,0,2,1,0,0,0,0,0
90,玉東國中,23.417193,121.3705051,花蓮玉東國民中學,國中,花蓮縣,公立,是,是,[981]花蓮縣玉里鎮松浦里松浦39號,6,89,72,阿美族,68,0,68,1,1,2,0,0,0,0,0,0,0,0,0,0,0,0,0
91,縣立美崙國中,23.9972365,121.6285149,花蓮縣立美崙國民中學,國中,花蓮縣,公立,是,是,[970]花蓮縣花蓮市化道路40巷1號,20,476,196,阿美族,101,0,101,10,0,29,1,0,0,0,0,0,0,50,3,2,0,0,0
92,縣立壽豐國中,23.8457276,121.5003985,花蓮縣立壽豐國民中學,國中,花蓮縣,公立,是,是,[974]花蓮縣壽豐鄉豐裡村中山路132號,9,215,80,阿美族,74,0,74,1,2,0,0,0,0,0,0,0,0,3,0,0,0,0,0
93,光復國中,23.6706333,121.4246641,花蓮光復國民中學,國中,花蓮縣,公立,是,是,[976]花蓮縣光復鄉大馬村林森路200號,11,233,147,阿美族,121,0,121,2,1,7,2,0,0,0,0,0,0,12,0,2,0,0,0
94,縣立富源國中,23.5889374,121.3839227,花蓮縣立富源國民中學,國中,花蓮縣,公立,是,是,[976]花蓮縣光復鄉大富村中山路一段2號,5,64,36,阿美族/布農族,18,17,18,0,0,17,0,0,0,0,0,0,1,0,0,0,0,0,0
95,豐濱國中,23.6014426,121.5215111,花蓮豐濱國民中學,國中,花蓮縣,公立,是,是,[977]花蓮縣豐濱鄉光豐路26號,4,52,46,阿美族,40,0,40,0,1,1,0,0,0,0,0,0,3,1,0,0,0,0,0
96,縣立瑞穗國中,23.4991399,121.3758499,花蓮縣立瑞穗國民中學,國中,花蓮縣,公立,是,是,[978]花蓮縣瑞穗鄉成功北路18號,14,251,154,阿美族,91,0,91,1,2,21,0,0,0,0,0,0,0,34,2,3,0,0,0
97,縣立自強國中,23.9981456,121.5991612,花蓮縣立自強國民中學,國中,花蓮縣,公立,是,是,[970]花蓮縣花蓮市裕祥路89號,26,702,243,阿美族,130,0,130,12,3,12,3,2,0,0,0,0,2,64,12,3,0,0,0
98,縣立化仁國中,23.9655394,121.5930291,花蓮縣立化仁國民中學,國中,花蓮縣,公立,是,是,[973]花蓮縣吉安鄉東昌村東海十街3號,15,316,165,阿美族,130,0,130,7,2,3,2,0,0,0,0,0,2,16,2,1,0,0,0
99,私立淡江高中,25.1749167,121.4359845,新北市私立淡江高級中學,完全中學,新北市,私立,否,否,[251]新北市淡水區真理街26號,63,2201,42,阿美族/泰雅族,19,14,19,14,4,5,0,0,0,0,0,0,0,0,0,0,0,0,0
100,市立樹林高中,24.9829886,121.4224887,新北市立樹林高級中學,完全中學,新北市,公立,否,是,[238]新北市樹林區中華路8號,93,2701,203,阿美族,137,0,137,13,17,15,3,1,0,5,0,0,1,9,2,0,0,0,0
101,市立金山高中,25.2246759,121.6370082,新北市立金山高級中學,完全中學,新北市,公立,否,否,[208]新北市金山區美田里文化二路2號,37,938,57,阿美族,25,0,25,17,6,7,1,0,0,0,0,0,0,1,0,0,0,0,0
102,國立臺東大學附屬體育高中,22.7644294,121.075238,國立臺東大學附屬體育高級中學,完全中學,臺東縣,公立,是,是,[950]臺東縣臺東市體中路1號,21,401,309,阿美族,149,0,149,10,48,19,51,15,0,0,6,0,0,1,0,0,0,0,0
103,私立育仁高中,22.77419,121.092785,臺東縣私立育仁高級中學,完全中學,臺東縣,私立,是,是,[950]臺東縣臺東市中興路四段485號,12,246,76,阿美族,30,0,30,1,12,11,16,4,0,0,1,0,0,1,0,0,0,0,0
104,私立海星高中,24.0074881,121.6135781,花蓮縣私立海星高級中學,完全中學,花蓮縣,私立,是,是,[971]花蓮縣新城鄉嘉新村嘉新路36號,33,1184,494,阿美族,269,0,269,19,17,32,2,1,0,1,3,0,2,144,2,2,0,0,0
105,八斗高中,25.1402628,121.7882816,基隆市立八斗高級中學,完全中學,基隆市,公立,否,否,[202]基隆市中正區新豐街100號,26,483,127,阿美族,119,0,119,4,2,1,0,0,0,0,0,0,0,1,0,0,0,0,0
106,私立南強工商,24.9807537,121.5447918,新北市私立南強高級工商職業學校,高級中等學校,新北市,私立,否,否,[231]新北市新店區文化路42號,53,1624,85,阿美族,44,0,44,13,9,12,0,0,0,1,3,0,0,3,0,0,0,0,0
107,私立莊敬工家,24.98555,121.5320166,新北市私立莊敬高級工業家事職業學校,高級中等學校,新北市,私立,否,否,[231]新北市新店區民生路45號,107,4774,266,阿美族,130,0,130,58,22,25,6,1,0,4,1,0,0,17,1,1,0,0,0
108,私立光啟高中,25.0198845,121.4032146,光啟學校財團法人桃園市光啟高級中等學校,高級中等學校,桃園市,私立,否,否,[333]桃園市龜山區自由街40號,42,1488,98,阿美族,69,0,69,7,5,6,1,0,1,2,0,0,0,7,0,0,0,0,0
109,私立高苑工商,22.7592932,120.2876909,高雄縣私立高苑高級工商職業學校,高級中等學校,高雄市,私立,否,是,[825]高雄市橋頭區東林里芋寮路1號,69,1861,110,阿美族/排灣族,35,33,35,9,33,19,2,4,3,0,1,0,0,2,0,0,1,1,0
110,台東高中,22.748156,121.1464,國立台東高級中學,高級中等學校,臺東縣,公立,否,否,[950]臺東縣臺東市中華路一段721號,32,951,267,阿美族,85,0,85,1,73,52,28,20,0,0,6,0,0,2,0,0,0,0,0
111,國立臺東專科學校(高職部),22.7577897,121.1244972,國立臺東專校附設高職部,高級中等學校,臺東縣,公立,是,是,[950]臺東縣臺東市正氣北路889號,36,955,422,阿美族,196,0,196,6,98,43,56,11,0,0,9,0,0,3,0,0,0,0,0
112,國立臺東高商,22.7573451,121.1448649,國立臺東高級商業職業學校,高級中等學校,臺東縣,公立,是,是,[950]臺東縣臺東市正氣路440號,37,1014,364,阿美族,163,0,163,7,75,31,55,10,0,0,20,0,0,3,0,0,0,0,0
113,國立成功商水,23.1059806,121.3807974,國立成功商業水產職業學校,高級中等學校,臺東縣,公立,是,是,[961]臺東縣成功鎮太平路52號,12,200,116,阿美族,93,0,93,1,7,8,2,1,0,1,1,0,1,1,0,0,0,0,0
114,私立公東高工,22.7671185,121.1349835,台東縣私立公東高級工業職業學校,高級中等學校,臺東縣,私立,是,是,[950]臺東縣臺東市中興路1段560號,34,1116,473,阿美族,222,0,222,6,128,30,65,12,0,0,7,0,0,2,0,1,0,0,0
115,國立玉里高中,23.3468624,121.3189806,國立玉里高級中學,高級中等學校,花蓮縣,公立,是,是,[981]花蓮縣玉里鎮中華路424號,32,537,257,阿美族/布農族,139,89,139,6,5,89,0,0,0,0,0,0,0,14,0,4,0,0,0
116,國立花蓮高農,23.984087,121.5991057,國立花蓮高級農業職業學校,高級中等學校,花蓮縣,公立,是,是,[970]花蓮縣花蓮市建國路161號,35,776,393,阿美族,230,0,230,15,2,18,2,1,0,0,0,0,3,114,1,0,0,0,7
117,國立花蓮高工,23.9986134,121.6206087,國立花蓮高級工業職業學校,高級中等學校,花蓮縣,公立,是,是,[970]花蓮縣花蓮市府前路27號,50,1256,449,阿美族,266,0,266,15,5,21,3,0,0,1,0,0,6,128,3,1,0,0,0
118,國立光復商工,23.6671699,121.4273418,國立光復高級商工職業學校,高級中等學校,花蓮縣,公立,是,是,[976]花蓮縣光復鄉林森路100號,16,238,144,阿美族/太魯閣族,86,45,86,3,2,7,1,0,0,0,0,0,0,45,0,0,0,0,0
119,私立四維高中,24.0003499,121.5914759,四維學校財團法人花蓮縣四維高級中學,高級中等學校,花蓮縣,私立,是,是,[970]花蓮縣花蓮市中山路一段200號,39,1681,635,阿美族/太魯閣族,333,207,333,29,5,43,2,1,0,0,0,0,6,207,7,2,0,0,0
120,花蓮縣上騰工商,23.9721663,121.5780419,花蓮縣上騰高級工商職業學校,高級中等學校,花蓮縣,私立,是,是,[973]花蓮縣吉安鄉吉安村吉興4街101號,26,473,271,阿美族/太魯閣族,147,85,147,16,10,9,2,0,0,0,1,0,0,85,1,0,0,0,0
121,花蓮縣立體育高中,24.003313,121.5855945,花蓮縣立體育高級中等學校,高級中等學校,花蓮縣,公立,是,是,[970]花蓮縣花蓮市達固湖灣大路21號,6,106,76,阿美族,42,0,42,4,4,12,1,1,0,0,0,0,0,10,2,0,0,0,0
122,市立福山國小,24.7773895,121.5021286,新北市烏來區福山國民小學,國小,新北市,公立,是,是,[233]新北市烏來區福山里李茂岸56號,6,15,12,泰雅族,10,0,1,10,0,1,0,0,0,0,0,0,0,0,0,0,0,0,0
123,四季國小,24.4880169,121.4260099,宜蘭縣大同鄉四季國民小學,國小,宜蘭縣,公立,是,是,[267]宜蘭縣大同鄉四季村和勳巷1號,16,78,78,泰雅族,78,0,0,78,0,0,0,0,0,0,0,0,0,0,0,0,0,0,0
124,縣立南山國小,24.4378986,121.3804702,宜蘭縣大同鄉南山國民小學,國小,宜蘭縣,公立,是,是,[267]宜蘭縣大同鄉南山村四鄰埤南巷31之3號,6,74,74,泰雅族,74,0,0,74,0,0,0,0,0,0,0,0,0,0,0,0,0,0,0
125,縣立大同國小,24.678323,121.609261,宜蘭縣大同鄉大同國民小學,國小,宜蘭縣,公立,是,是,[267]宜蘭縣大同鄉崙埤村10之9號,18,86,82,泰雅族,82,0,0,82,0,0,0,0,0,0,0,0,0,0,0,0,0,0,0
126,縣立寒溪國小,24.6094338,121.6870979,宜蘭縣大同鄉寒溪國民小學,國小,宜蘭縣,公立,是,是,[267]宜蘭縣大同鄉寒溪村寒溪巷16號,6,66,66,泰雅族,65,0,1,65,0,0,0,0,0,0,0,0,0,0,0,0,0,0,0
127,南澳國小,24.4672359,121.8011813,宜蘭縣南澳鄉南澳國民小學,國小,宜蘭縣,公立,是,是,[272]宜蘭縣南澳鄉南澳村中正路15號,6,81,79,泰雅族,77,0,1,77,0,1,0,0,0,0,0,0,0,0,0,0,0,0,0
128,縣立碧候國小,24.4744309,121.7857441,宜蘭縣南澳鄉碧候國民小學,國小,宜蘭縣,公立,是,是,[272]宜蘭縣南澳鄉碧候村自覺巷38號,6,88,84,泰雅族,82,0,1,82,0,1,0,0,0,0,0,0,0,0,0,0,0,0,0
129,武塔國小,24.4478041,121.777456,宜蘭縣南澳鄉武塔國民小學,國小,宜蘭縣,公立,是,是,[272]宜蘭縣南澳鄉武塔村新溪路1號,6,31,31,泰雅族,31,0,0,31,0,0,0,0,0,0,0,0,0,0,0,0,0,0,0
130,縣立澳花國小,24.3294853,121.7398298,宜蘭縣南澳鄉澳花國民小學,國小,宜蘭縣,公立,是,是,[272]宜蘭縣南澳鄉澳花村中央路19號,6,87,87,泰雅族,76,0,5,76,2,0,0,1,0,0,0,0,0,3,0,0,0,0,0
131,縣立東澳國小,24.5211777,121.8327332,宜蘭縣南澳鄉東澳國民小學,國小,宜蘭縣,公立,是,是,[272]宜蘭縣南澳鄉東岳村蘇花路三段209號,6,58,49,泰雅族,49,0,0,49,0,0,0,0,0,0,0,0,0,0,0,0,0,0,0
132,縣立金岳國小,24.471153,121.7774377,宜蘭縣南澳鄉金岳國民小學,國小,宜蘭縣,公立,是,是,[272]宜蘭縣南澳鄉金岳村 (路) 二號,6,46,46,泰雅族,44,0,0,44,0,2,0,0,0,0,0,0,0,0,0,0,0,0,0
133,縣立金洋國小,24.4262307,121.7493115,宜蘭縣南澳鄉金洋國民小學,國小,宜蘭縣,公立,是,是,[272]宜蘭縣南澳鄉金洋村11號,6,39,39,泰雅族,37,0,0,37,0,0,0,0,0,0,0,0,0,1,0,1,0,0,0
134,市立介壽國小,24.8154011,121.35108,桃園市復興區介壽國民小學,國小,桃園市,公立,是,是,[336]桃園市復興區澤仁里中正路33號,6,78,59,泰雅族,58,0,0,58,1,0,0,0,0,0,0,0,0,0,0,0,0,0,0
135,市立三民國小,24.832611,121.3310201,桃園市復興區三民國民小學,國小,桃園市,公立,是,是,[336]桃園市復興區三民里十一鄰57號,6,73,45,泰雅族,43,0,0,43,0,0,0,0,0,0,0,0,0,0,0,2,0,0,0
136,市立義盛國小,24.7914944,121.3790395,桃園市復興區義盛國民小學,國小,桃園市,公立,是,是,[336]桃園市復興區義盛里一鄰11號,6,40,40,泰雅族,40,0,0,40,0,0,0,0,0,0,0,0,0,0,0,0,0,0,0
137,市立霞雲國小,24.8166344,121.3833758,桃園市復興區霞雲國民小學,國小,桃園市,公立,是,是,[336]桃園市復興區霞雲里六鄰14號,6,25,23,泰雅族,23,0,0,23,0,0,0,0,0,0,0,0,0,0,0,0,0,0,0
138,市立奎輝國小,24.7794746,121.3255688,桃園市復興區奎輝國民小學,國小,桃園市,公立,是,是,[336]桃園市復興區奎輝里三鄰25號,6,40,40,泰雅族,40,0,0,40,0,0,0,0,0,0,0,0,0,0,0,0,0,0,0
139,市立光華國小,24.6854798,121.3972387,桃園市復興區光華國民小學,國小,桃園市,公立,是,是,[336]桃園市復興區華陵里四鄰12號,6,24,24,泰雅族,24,0,0,24,0,0,0,0,0,0,0,0,0,0,0,0,0,0,0
140,市立高義國小,24.7121199,121.3604005,桃園市復興區高義國民小學,國小,桃園市,公立,是,是,[336]桃園市復興區高義里三鄰28號,6,45,41,泰雅族,40,0,1,40,0,0,0,0,0,0,0,0,0,0,0,0,0,0,0
141,市立長興國小,24.8001826,121.3075816,桃園市復興區長興國民小學,國小,桃園市,公立,是,是,[336]桃園市復興區長興里十六鄰頭角43號,6,30,30,泰雅族,30,0,0,30,0,0,0,0,0,0,0,0,0,0,0,0,0,0,0
142,市立三光國小,24.6737942,121.3673192,桃園市復興區三光國民小學,國小,桃園市,公立,是,是,[336]桃園市復興區三光里四鄰8號,6,32,32,泰雅族,32,0,0,32,0,0,0,0,0,0,0,0,0,0,0,0,0,0,0
143,市立羅浮國小,24.7972829,121.3649359,桃園市復興區羅浮國民小學,國小,桃園市,公立,是,是,[336]桃園市復興區羅浮里三鄰16號,10,55,49,泰雅族,48,0,1,48,0,0,0,0,0,0,0,0,0,0,0,0,0,0,0
144,市立巴崚國小,24.6854798,121.3972387,桃園市復興區巴崚國民小學,國小,桃園市,公立,是,是,[336]桃園市復興區華陵里九鄰75號,6,46,45,泰雅族,44,0,1,44,0,0,0,0,0,0,0,0,0,0,0,0,0,0,0
145,縣立竹東國小,24.7356205,121.0882209,新竹縣竹東鎮竹東國民小學,國小,新竹縣,公立,否,是,[310]新竹縣竹東鎮康寧街1號,21,503,127,泰雅族,113,0,4,113,0,0,0,0,0,6,0,0,0,4,0,0,0,0,0
146,大同國小,24.7403014,121.0884039,新竹縣竹東鎮大同國民小學,國小,新竹縣,公立,否,是,[310]新竹縣竹東鎮莊敬路111號,60,1589,161,泰雅族,121,0,12,121,1,4,0,0,1,16,1,0,0,1,0,4,0,0,0
147,縣立尖石國小,24.7282877,121.2253769,新竹縣尖石鄉尖石國民小學,國小,新竹縣,公立,是,是,[313]新竹縣尖石鄉嘉樂村六鄰7號,6,21,19,泰雅族,19,0,0,19,0,0,0,0,0,0,0,0,0,0,0,0,0,0,0
148,縣立嘉興國小,24.7051821,121.2105623,新竹縣尖石鄉嘉興國民小學,國小,新竹縣,公立,是,是,[313]新竹縣尖石鄉嘉樂村三鄰177號,11,87,83,泰雅族,81,0,0,81,0,2,0,0,0,0,0,0,0,0,0,0,0,0,0
149,縣立新樂國小,24.731587,121.2506474,新竹縣尖石鄉新樂國民小學,國小,新竹縣,公立,是,是,[313]新竹縣尖石鄉新樂村一鄰10號,7,123,112,泰雅族,112,0,0,112,0,0,0,0,0,0,0,0,0,0,0,0,0,0,0
150,縣立梅花國小,24.6775901,121.2088282,新竹縣尖石鄉梅花國民小學,國小,新竹縣,公立,是,是,[313]新竹縣尖石鄉梅花村1鄰25號,6,62,62,泰雅族,62,0,0,62,0,0,0,0,0,0,0,0,0,0,0,0,0,0,0
151,縣立錦屏國小,24.680324,121.247229,新竹縣尖石鄉錦屏國民小學,國小,新竹縣,公立,是,是,[313]新竹縣尖石鄉錦屏村十鄰116號,6,43,42,泰雅族,42,0,0,42,0,0,0,0,0,0,0,0,0,0,0,0,0,0,0
152,縣立玉峰國小,24.6600107,121.3013028,新竹縣尖石鄉玉峰國民小學,國小,新竹縣,公立,是,是,[313]新竹縣尖石鄉玉峰村五鄰59號,6,31,30,泰雅族,30,0,0,30,0,0,0,0,0,0,0,0,0,0,0,0,0,0,0
153,縣立石磊國小,24.6556578,121.3264284,新竹縣尖石鄉石磊國民小學,國小,新竹縣,公立,是,是,[313]新竹縣尖石鄉玉峰村十鄰49號,6,31,31,泰雅族,31,0,0,31,0,0,0,0,0,0,0,0,0,0,0,0,0,0,0
154,縣立秀巒國小,24.5803701,121.3032402,新竹縣尖石鄉秀巒國民小學,國小,新竹縣,公立,是,是,[313]新竹縣尖石鄉秀巒村四鄰19號,12,74,72,泰雅族,70,0,2,70,0,0,0,0,0,0,0,0,0,0,0,0,0,0,0
155,縣立新光國小,24.5799355,121.3032009,新竹縣尖石鄉新光國民小學,國小,新竹縣,公立,是,是,[313]新竹縣尖石鄉秀巒村八鄰17號,9,60,60,泰雅族,60,0,0,60,0,0,0,0,0,0,0,0,0,0,0,0,0,0,0
156,縣立五峰國小,24.631476,121.118064,新竹縣五峰鄉五峰國民小學,國小,新竹縣,公立,是,是,[311]新竹縣五峰鄉大隘村六鄰123號,6,73,73,泰雅族/賽夏族,46,27,0,46,0,0,0,0,0,27,0,0,0,0,0,0,0,0,0
157,縣立桃山國小,24.575383,121.105812,新竹縣五峰鄉桃山國民小學,國小,新竹縣,公立,是,是,[311]新竹縣五峰鄉桃山村15鄰243號,6,66,65,泰雅族,61,0,1,61,0,2,0,0,0,1,0,0,0,0,0,0,0,0,0
158,縣立花園國小,24.6482711,121.1514399,新竹縣五峰鄉花園國民小學,國小,新竹縣,公立,是,是,[311]新竹縣五峰鄉花園村八鄰174號,12,34,34,泰雅族,33,0,0,33,0,0,0,0,0,0,0,0,0,0,0,0,0,0,1
159,縣立上館國小,24.7261192,121.088092,新竹縣竹東鎮上館國民小學,國小,新竹縣,公立,否,是,[310]新竹縣竹東鎮中豐路二段399號,42,1089,189,泰雅族,147,0,13,147,1,4,0,0,0,22,2,0,0,0,0,0,0,0,0
160,縣立南庄國小,24.600459,120.9992731,苗栗縣南庄鄉南庄國民小學,國小,苗栗縣,公立,是,是,[353]苗栗縣南庄鄉東村文化路3號,7,146,53,泰雅族/賽夏族,29,24,0,29,0,0,0,0,0,24,0,0,0,0,0,0,0,0,0
161,泰興國小,24.3943266,120.9206005,苗栗縣泰安鄉泰興國民小學,國小,苗栗縣,公立,是,是,[365]苗栗縣泰安鄉中興村1鄰2號,6,28,27,泰雅族,26,0,0,26,0,1,0,0,0,0,0,0,0,0,0,0,0,0,0
162,縣立清安國小,24.4400536,120.9260528,苗栗縣泰安鄉清安國民小學,國小,苗栗縣,公立,是,是,[365]苗栗縣泰安鄉清安村六鄰122號,6,18,14,泰雅族,14,0,0,14,0,0,0,0,0,0,0,0,0,0,0,0,0,0,0
163,汶水國小,24.4657987,120.940123,苗栗縣泰安鄉汶水國民小學,國小,苗栗縣,公立,是,是,[365]苗栗縣泰安鄉錦水村四鄰12號,9,53,48,泰雅族,39,0,3,39,2,2,0,0,0,2,0,0,0,0,0,0,0,0,0
164,縣立象鼻國小,24.3591997,120.9472864,苗栗縣泰安鄉象鼻國民小學,國小,苗栗縣,公立,是,是,[365]苗栗縣泰安鄉象鼻村一鄰4號,6,37,36,泰雅族,36,0,0,36,0,0,0,0,0,0,0,0,0,0,0,0,0,0,0
165,縣立梅園國小,24.3886093,120.9669477,苗栗縣泰安鄉梅園國民小學,國小,苗栗縣,公立,是,是,[365]苗栗縣泰安鄉梅園村二鄰38號,6,43,42,泰雅族,41,0,0,41,0,0,0,0,0,0,0,0,0,0,0,1,0,0,0
166,縣立士林國小,24.3477111,120.9302056,苗栗縣泰安鄉士林國民小學,國小,苗栗縣,公立,是,是,[365]苗栗縣泰安鄉士林村5鄰26號,6,27,27,泰雅族,27,0,0,27,0,0,0,0,0,0,0,0,0,0,0,0,0,0,0
167,市立和平區和平國小,24.1711472,120.895757,臺中市和平區和平國民小學,國小,臺中市,公立,是,是,[424]臺中市和平區南勢里東關路三段54號,6,43,22,泰雅族,20,0,2,20,0,0,0,0,0,0,0,0,0,0,0,0,0,0,0
168,市立白冷國小,24.1820599,120.9265212,臺中市和平區白冷國民小學,國小,臺中市,公立,是,是,[424]臺中市和平區天輪里東關路二路天輪巷42號,6,30,17,泰雅族,16,0,1,16,0,0,0,0,0,0,0,0,0,0,0,0,0,0,0
169,市立博屋瑪國小,24.3163206,120.9991032,臺中市博屋瑪國民小學,國小,臺中市,公立,是,是,[424]臺中市和平區達觀里育英巷6號,6,63,61,泰雅族,58,0,0,58,0,2,0,0,1,0,0,0,0,0,0,0,0,0,0
170,市立平等國小,24.3178634,121.2944249,臺中市和平區平等國民小學,國小,臺中市,公立,是,是,[424]臺中市和平區中興路三段環山3巷35號,6,37,31,泰雅族,30,0,0,30,0,1,0,0,0,0,0,0,0,0,0,0,0,0,0
171,市立博愛國小,24.1771216,120.9797331,臺中市和平區博愛國民小學,國小,臺中市,公立,是,是,[424]臺中市和平區博愛里東關路一段松鶴三巷10號,12,66,43,泰雅族,38,0,2,38,1,0,0,0,2,0,0,0,0,0,0,0,0,0,0
172,市立自由國小,24.2917102,120.9086741,臺中市和平區自由國民小學,國小,臺中市,公立,是,是,[424]臺中市和平區自由里東崎路二段49號,12,51,40,泰雅族,29,0,2,29,4,4,0,0,0,1,0,0,0,0,0,0,0,0,0
173,縣立親愛國小,23.9682604,121.1090048,南投縣仁愛鄉親愛國民小學,國小,南投縣,公立,是,是,[546]南投縣仁愛鄉親愛村高平路3號,12,97,86,泰雅族/賽德克族,44,36,0,44,2,3,0,0,0,0,0,0,0,1,0,36,0,0,0
174,縣立力行國小,24.147464,121.189027,南投縣仁愛鄉力行國民小學,國小,南投縣,公立,是,是,[546]南投縣仁愛鄉力行村新望洋67號,10,35,35,泰雅族,34,0,0,34,0,0,0,0,0,0,0,0,0,0,0,1,0,0,0
175,縣立發祥國小,24.122492,121.1571921,南投縣仁愛鄉發祥國民小學,國小,南投縣,公立,是,是,[546]南投縣仁愛鄉發祥村光復巷24號,6,11,11,泰雅族,9,0,0,9,0,0,0,0,0,0,0,0,0,0,0,2,0,0,0
176,縣立紅葉國小,24.1596636,121.1771746,南投縣仁愛鄉紅葉國民小學,國小,南投縣,公立,是,是,[546]南投縣仁愛鄉發祥村仁盛路70號,6,20,20,泰雅族,20,0,0,20,0,0,0,0,0,0,0,0,0,0,0,0,0,0,0
177,市立烏來國中小,24.863024,121.554477,新北市立烏來國民中小學,國中小,新北市,公立,是,是,[233]新北市烏來區啦卡路5號,10,112,97,泰雅族,97,0,0,97,0,0,0,0,0,0,0,0,0,0,0,0,0,0,0
178,縣立泰安國中小,24.422212,120.910496,苗栗縣立泰安國民中小學,國中小,苗栗縣,公立,是,是,[365]苗栗縣泰安鄉大興村32之1號,8,31,26,泰雅族,25,0,0,25,0,1,0,0,0,0,0,0,0,0,0,0,0,0,0
179,市立梨山國中小,24.2515802,121.2532482,臺中市立梨山國民中小學,國中小,臺中市,公立,是,是,[424]臺中市和平區梨山里福壽路10號,12,186,90,泰雅族/阿美族,42,29,29,42,1,13,0,0,0,0,0,2,0,2,0,1,0,0,0
180,大同國中,24.5747615,121.4783981,宜蘭大同國民中學,國中,宜蘭縣,公立,是,是,[267]宜蘭縣大同鄉太平村一鄰泰雅路四段35號,4,58,52,泰雅族,50,0,0,50,0,0,0,0,0,0,0,0,0,0,0,0,0,0,2
181,市立介壽國中,24.8207867,121.3522112,桃園市立介壽國民中學,國中,桃園市,公立,是,是,[336]桃園市復興區澤仁里中正路248號,10,184,171,泰雅族,165,0,4,165,0,1,0,0,0,0,0,0,0,1,0,0,0,0,0
182,縣立竹東國中,24.7357097,121.0870776,新竹縣立竹東國民中學,國中,新竹縣,公立,否,是,[310]新竹縣竹東鎮公園路8號,37,910,166,泰雅族,141,0,6,141,0,2,0,0,0,12,0,0,0,3,0,2,0,0,0
183,縣立員東國中,24.7071298,121.0972723,新竹縣立員東國民中學,國中,新竹縣,公立,否,是,[310]新竹縣竹東鎮東峰路521號,11,189,89,泰雅族,71,0,2,71,1,1,0,0,0,13,0,0,0,1,0,0,0,0,0
184,縣立五峰國中,24.6320786,121.119596,新竹縣立五峰國民中學,國中,新竹縣,公立,是,是,[311]新竹縣五峰鄉大隘村六鄰113號,4,70,70,泰雅族,61,0,0,61,0,1,0,0,0,8,0,0,0,0,0,0,0,0,0
185,縣立尖石國中,24.7051821,121.2105623,新竹縣立尖石國民中學,國中,新竹縣,公立,是,是,[313]新竹縣尖石鄉嘉樂村三鄰八十號,10,234,227,泰雅族,224,0,1,224,0,2,0,0,0,0,0,0,0,0,0,0,0,0,0
186,縣立自強國中,24.745167,121.085442,新竹縣立自強國民中學,國中,新竹縣,公立,否,是,[310]新竹縣竹東鎮自強路169號,35,908,133,泰雅族,104,0,12,104,2,0,0,0,0,12,0,0,0,3,0,0,0,0,0
187,市立和平國中,24.1782244,120.8820164,臺中市立和平國民中學,國中,臺中市,公立,是,是,[424]臺中市和平區東關路三段崑崙巷62號,6,43,24,泰雅族,22,0,2,22,0,0,0,0,0,0,0,0,0,0,0,0,0,0,0
188,南澳高中,24.4655704,121.8003318,宜蘭南澳高級中學,完全中學,宜蘭縣,公立,是,是,[272]宜蘭縣南澳鄉蘇花路2段301號,18,365,316,泰雅族,297,0,12,297,2,0,0,0,0,1,0,0,0,4,0,0,0,0,0
189,私立東泰高中,24.7115753,121.0983686,新竹縣私立東泰高級中學,完全中學,新竹縣,私立,否,是,[310]新竹縣竹東鎮東峰路343號,62,1728,282,泰雅族,228,0,21,228,3,3,1,1,1,18,0,0,0,1,0,5,0,0,0
190,私立光復高中,24.7983869,120.9940564,新竹市私立光復高級中學,完全中學,新竹市,私立,否,是,[300]新竹市東區光復路二段153號,126,5101,156,泰雅族,92,0,28,92,3,3,4,1,0,15,1,0,0,4,0,5,0,0,0
191,羅東高商,24.6730439,121.7576801,國立羅東高級商業職業學校,高級中等學校,宜蘭縣,公立,否,是,[265]宜蘭縣羅東鎮中山路4段360號,48,1491,111,泰雅族,87,0,15,87,3,1,0,0,0,0,0,0,0,5,0,0,0,0,0
192,私立玉山高中,24.2517205,120.8421691,臺中市私立玉山高級中學,高級中等學校,臺中市,私立,否,否,[423]臺中市東勢區東崎路四段399號,25,508,99,泰雅族,77,0,9,77,3,3,1,2,1,1,0,0,0,1,0,1,0,0,0
193,滿州國小,22.0202158,120.8384022,屏東縣滿州鄉滿州國民小學,國小,屏東縣,公立,是,是,[947]屏東縣滿州鄉滿州村中山路39號,6,89,29,排灣族,29,0,0,0,29,0,0,0,0,0,0,0,0,0,0,0,0,0,0
194,縣立長樂國小,22.0751909,120.8283323,屏東縣滿州鄉長樂國民小學,國小,屏東縣,公立,是,是,[947]屏東縣滿州鄉長樂村大公路35號,6,61,48,排灣族,45,0,3,0,45,0,0,0,0,0,0,0,0,0,0,0,0,0,0
195,縣立永港國小,22.0060852,120.8172748,屏東縣滿州鄉永港國民小學,國小,屏東縣,公立,是,是,[947]屏東縣滿州鄉永靖村新庄路25號,6,56,14,排灣族,11,0,3,0,11,0,0,0,0,0,0,0,0,0,0,0,0,0,0
196,地磨兒國小,22.7151403,120.654127,屏東縣地磨兒民族實驗小學,國小,屏東縣,公立,是,是,[901]屏東縣三地門鄉三地村行政街9號,12,159,157,排灣族,138,0,2,1,138,0,0,15,0,0,0,1,0,0,0,0,0,0,0
197,縣立青山國小,22.8167704,120.6409895,屏東縣三地門鄉青山國民小學,國小,屏東縣,公立,是,是,[901]屏東縣三地門鄉青山村民族巷9號,6,49,49,排灣族,45,0,2,0,45,1,0,1,0,0,0,0,0,0,0,0,0,0,0
198,口社國小,22.7661081,120.6444883,屏東縣三地門鄉口社國民小學,國小,屏東縣,公立,是,是,[901]屏東縣三地門鄉口社村信義巷65號,6,69,66,排灣族,66,0,0,0,66,0,0,0,0,0,0,0,0,0,0,0,0,0,0
199,縣立佳義國小,22.6537285,120.6305809,屏東縣瑪家鄉佳義國民小學,國小,屏東縣,公立,是,是,[903]屏東縣瑪家鄉佳義村泰平巷12號,8,133,132,排灣族,124,0,1,2,124,0,1,3,0,0,0,0,0,0,0,0,0,0,1
200,北葉國小,22.7092665,120.6498728,屏東縣瑪家鄉北葉民族實驗小學,國小,屏東縣,公立,是,是,[903]屏東縣瑪家鄉北葉村風景巷1-22號,6,102,101,排灣族,87,0,0,0,87,0,0,14,0,0,0,0,0,0,0,0,0,0,0
201,縣立武潭國小,22.578043,120.634229,屏東縣泰武鄉武潭國民小學,國小,屏東縣,公立,是,是,[921]屏東縣泰武鄉武潭村潭中巷45號,18,137,137,排灣族,137,0,0,0,137,0,0,0,0,0,0,0,0,0,0,0,0,0,0
202,縣立泰武國小,22.606034,120.610658,屏東縣泰武鄉泰武國民小學,國小,屏東縣,公立,是,是,[921]屏東縣泰武鄉泰武村阿夫魯岸路1號,6,98,94,排灣族,91,0,3,0,91,0,0,0,0,0,0,0,0,0,0,0,0,0,0
203,萬安國小,22.6266502,120.6381624,屏東縣泰武鄉萬安國民小學,國小,屏東縣,公立,是,是,[921]屏東縣泰武鄉萬安村萬安路1號,6,84,84,排灣族,84,0,0,0,84,0,0,0,0,0,0,0,0,0,0,0,0,0,0
204,縣立來義國小,22.5274204,120.6489878,屏東縣來義鄉來義國民小學,國小,屏東縣,公立,是,是,[922]屏東縣來義鄉丹林村古義路2號,6,96,95,排灣族,92,0,2,0,92,0,0,0,0,1,0,0,0,0,0,0,0,0,0
205,縣立望嘉國小,22.463106,120.62231,屏東縣來義鄉望嘉國民小學,國小,屏東縣,公立,是,是,[922]屏東縣來義鄉望嘉村165號,6,52,49,排灣族,49,0,0,0,49,0,0,0,0,0,0,0,0,0,0,0,0,0,0
206,文樂國小,22.4929811,120.6237423,屏東縣來義鄉文樂國民小學,國小,屏東縣,公立,是,是,[922]屏東縣來義鄉文樂村新樂路1號,6,51,48,排灣族,48,0,0,0,48,0,0,0,0,0,0,0,0,0,0,0,0,0,0
207,縣立南和國小,22.4361344,120.6428208,屏東縣來義鄉南河國民小學,國小,屏東縣,公立,是,是,[922]屏東縣來義鄉南和村51號,6,65,64,排灣族,64,0,0,0,64,0,0,0,0,0,0,0,0,0,0,0,0,0,0
208,縣立古樓國小,22.527769,120.626997,屏東縣來義鄉古樓國民小學,國小,屏東縣,公立,是,是,[922]屏東縣來義鄉古樓村育英路2號,6,37,37,排灣族,37,0,0,0,37,0,0,0,0,0,0,0,0,0,0,0,0,0,0
209,縣立春日國小,22.3706354,120.6267213,屏東縣春日鄉春日國民小學,國小,屏東縣,公立,是,是,[942]屏東縣春日鄉春日村春日路314號,6,67,66,排灣族,66,0,0,0,66,0,0,0,0,0,0,0,0,0,0,0,0,0,0
210,力里國小,22.4277993,120.6268542,屏東縣春日鄉力里國民小學,國小,屏東縣,公立,是,是,[942]屏東縣春日鄉七佳村自強一路92號,6,105,104,排灣族,102,0,1,0,102,1,0,0,0,0,0,0,0,0,0,0,0,0,0
211,縣立古華國小,22.3612911,120.6260495,屏東縣春日鄉古華國民小學,國小,屏東縣,公立,是,是,[942]屏東縣春日鄉古華村古華路3巷63號,12,64,64,排灣族,64,0,0,0,64,0,0,0,0,0,0,0,0,0,0,0,0,0,0
212,縣立楓林國小,22.1995005,120.7065073,屏東縣獅子鄉楓林國民小學,國小,屏東縣,公立,是,是,[943]屏東縣獅子鄉楓林村楓林2巷22-2號,6,29,27,排灣族,25,0,0,1,25,1,0,0,0,0,0,0,0,0,0,0,0,0,0
213,縣立丹路國小,22.2033133,120.7512782,屏東縣蝨子鄉丹路國民小學,國小,屏東縣,公立,是,是,[943]屏東縣獅子鄉丹路村丹路1巷39號,6,39,38,排灣族,37,0,0,0,37,0,0,1,0,0,0,0,0,0,0,0,0,0,0
214,縣立內獅國小,22.3083008,120.6486368,屏東縣獅子鄉內獅國民小學,國小,屏東縣,公立,是,是,[943]屏東縣獅子鄉內獅村1號,6,91,91,排灣族,91,0,0,0,91,0,0,0,0,0,0,0,0,0,0,0,0,0,0
215,縣立草埔國小,22.234862,120.8029919,屏東縣獅子鄉草埔國民小學,國小,屏東縣,公立,是,是,[943]屏東縣獅子鄉草埔村1巷5號,6,27,25,排灣族,24,0,1,0,24,0,0,0,0,0,0,0,0,0,0,0,0,0,0
216,石門國小,22.1256399,120.7729406,屏東縣牡丹鄉石門國民小學,國小,屏東縣,公立,是,是,[945]屏東縣牡丹鄉石門村石門路33號,6,71,71,排灣族,71,0,0,0,71,0,0,0,0,0,0,0,0,0,0,0,0,0,0
217,縣立高士國小,22.1248895,120.8462785,屏東縣牡丹鄉高士國民小學,國小,屏東縣,公立,是,是,[945]屏東縣牡丹鄉高士村高士路29號,12,57,57,排灣族,57,0,0,0,57,0,0,0,0,0,0,0,0,0,0,0,0,0,0
218,牡丹國小,22.1757037,120.8377485,屏東縣牡丹鄉牡丹國民小學,國小,屏東縣,公立,是,是,[945]屏東縣牡丹鄉牡丹村牡丹路93號,6,63,62,排灣族,49,0,13,0,49,0,0,0,0,0,0,0,0,0,0,0,0,0,0
219,縣立賽嘉國小,22.7513545,120.6391345,屏東縣三地門賽嘉國民小學,國小,屏東縣,公立,是,是,[901]屏東縣三地門鄉賽嘉村2號,6,63,61,排灣族,61,0,0,0,61,0,0,0,0,0,0,0,0,0,0,0,0,0,0
220,長榮百合國小,22.6980387,120.6429251,屏東縣瑪家鄉長榮百合國民小學,國小,屏東縣,公立,是,是,[903]屏東縣瑪家鄉瑪家村和平路一段65號,6,107,99,排灣族,76,0,0,0,76,0,0,23,0,0,0,0,0,0,0,0,0,0,0
221,縣立新園國小,22.7639133,121.0634049,臺東縣臺東市新園國民小學,國小,臺東縣,公立,是,是,[950]臺東縣臺東市新園路88號,6,34,25,排灣族,20,0,4,0,20,0,0,1,0,0,0,0,0,0,0,0,0,0,0
222,縣立大王國小,22.6128487,121.0039909,臺東縣太麻里鄉大王國民小學,國小,臺東縣,公立,是,是,[963]臺東縣太麻里鄉大王村文化路60號,9,178,96,排灣族,73,0,15,0,73,1,3,4,0,0,0,0,0,0,0,0,0,0,0
223,縣立香蘭國小,22.5876369,120.9937299,臺東縣太麻里鄉香蘭國民小學,國小,臺東縣,公立,是,是,[963]臺東縣太麻里鄉香蘭村四鄰28號,6,37,22,排灣族,13,0,6,0,13,0,0,,0,0,0,0,0,3,0,0,0,0,0
224,縣立大溪國小,22.4623938,120.9408792,臺東縣太麻里鄉大溪國民小學,國小,臺東縣,公立,是,是,[963]臺東縣太麻里鄉多良村十五鄰大溪85號,6,41,34,排灣族,28,0,5,0,28,1,0,0,0,0,0,0,0,0,0,0,0,0,0
225,縣立尚武國小,22.3403449,120.8888115,臺東縣大武鄉尚武國民小學,國小,臺東縣,公立,是,是,[965]臺東縣大武鄉尚武村八鄰學府路7號,7,59,29,排灣族,23,0,5,0,23,1,0,0,0,0,0,0,0,0,0,0,0,0,0
226,大武國小,22.3647287,120.90522,臺東縣大武鄉大武國民小學,國小,臺東縣,公立,是,是,[965]臺東縣大武鄉民族街2巷49號,6,100,75,排灣族,68,0,4,1,68,2,0,0,0,0,0,0,0,0,0,0,0,0,0
227,縣立大鳥國小,22.3834046,120.9112123,臺東縣大武鄉大鳥國民小學,國小,臺東縣,公立,是,是,[965]臺東縣大武鄉大鳥村一鄰12號,12,88,87,排灣族,84,0,2,0,84,0,1,0,0,0,0,0,0,0,0,0,0,0,0
228,縣立嘉蘭國小,22.595293,120.961753,臺東縣金峰鄉嘉蘭國民小學,國小,臺東縣,公立,是,是,[964]臺東縣金峰鄉嘉蘭村3鄰132號,6,65,65,排灣族,52,0,5,1,52,0,0,6,0,0,0,0,0,1,0,0,0,0,0
229,縣立介達國小,22.605915,120.997143,臺東縣金峰鄉介達國民小學,國小,臺東縣,公立,是,是,[964]臺東縣金峰鄉正興村105號,6,57,57,排灣族,45,0,7,0,45,0,1,4,0,0,0,0,0,0,0,0,0,0,0
230,新興國小,22.6312779,121.0035838,臺東縣金峰鄉新興國民小學,國小,臺東縣,公立,是,是,[964]臺東縣金峰鄉新興村一鄰1號,6,59,58,排灣族,53,0,2,0,53,2,0,1,0,0,0,0,0,0,0,0,0,0,0
231,縣立賓茂國小,22.532519,120.955317,臺東縣金峰鄉賓茂國民小學,國小,臺東縣,公立,是,是,[964]臺東縣金峰鄉賓茂村68號,6,117,108,排灣族,95,0,10,1,95,2,0,0,0,0,0,0,0,0,0,0,0,0,0
232,安朔國小,22.2940465,120.8680172,臺東縣達仁鄉安朔國民小學,國小,臺東縣,公立,是,是,[966]臺東縣達仁鄉安朔村八鄰113號,12,66,63,排灣族,60,0,2,1,60,0,0,0,0,0,0,0,0,0,0,0,0,0,0
233,土?國小,22.453594,120.887349,臺東縣達仁鄉土?vusam文化實驗小學,國小,臺東縣,公立,是,是,[966]臺東縣達仁鄉土?村10號,6,42,41,排灣族,39,0,2,0,39,0,0,0,0,0,0,0,0,0,0,0,0,0,0
234,縣立臺?國小,22.4771579,120.9078949,臺東縣達仁鄉臺?國民小學,國小,臺東縣,公立,是,是,[966]臺東縣達仁鄉台?村十鄰59號之1,6,34,31,排灣族,31,0,0,0,31,0,0,0,0,0,0,0,0,0,0,0,0,0,0
235,縣立滿州國中,22.023894,120.8395766,屏東縣立滿州國民中學,國中,屏東縣,公立,是,是,[947]屏東縣滿州鄉文化路32號,6,130,71,排灣族,68,0,1,1,68,1,0,0,0,0,0,0,0,0,0,0,0,0,0
236,瑪家國中,22.7023304,120.6095023,屏東瑪家國民中學,國中,屏東縣,公立,是,是,[903]屏東縣瑪家鄉三和村三和巷16號,9,173,167,排灣族,132,0,0,0,132,0,0,33,0,0,0,0,0,2,0,0,0,0,0
237,縣立泰武國中,22.591822,120.6328161,屏東縣立泰武國民中學,國中,屏東縣,公立,是,是,[921]屏東縣泰武鄉佳平路120號,6,129,127,排灣族,126,0,0,0,126,0,0,1,0,0,0,0,0,0,0,0,0,0,0
238,縣立牡丹國中,22.1273042,120.7752753,屏東縣立牡丹國民中學,國中,屏東縣,公立,是,是,[945]屏東縣牡丹鄉石門村石門路1之1號,3,67,64,排灣族,56,0,5,0,56,0,0,2,1,0,0,0,0,0,0,0,0,0,0
239,縣立獅子國中,22.20468,120.687078,屏東縣立獅子國民中學,國中,屏東縣,公立,是,是,[941]屏東縣枋山鄉楓港村舊庄280號,3,66,66,排灣族,63,0,2,0,63,0,1,0,0,0,0,0,0,0,0,0,0,0,0
240,縣立大王國中,22.615548,121.007607,臺東縣立大王國民中學,國中,臺東縣,公立,是,是,[963]臺東縣太麻里鄉大王村633號,10,221,158,排灣族,126,0,11,0,126,5,0,14,0,0,1,0,0,1,0,0,0,0,0
241,縣立賓茂國中,22.5327778,120.9666667,臺東縣立賓茂國民中學,國中,臺東縣,公立,是,是,[963]臺東縣太麻里鄉金崙村77號,7,117,112,排灣族,88,0,16,3,88,3,1,1,0,0,0,0,0,0,0,0,0,0,0
242,縣立大武國中,22.3646494,120.9076779,臺東縣立大武國民中學,國中,臺東縣,公立,是,是,[965]臺東縣大武鄉大武村復興路1號,10,217,181,排灣族,170,0,9,0,170,0,2,0,0,0,0,0,0,0,0,0,0,0,0
243,來義高中,22.525306,120.6293518,屏東來義高級中學,完全中學,屏東縣,公立,是,是,[922]屏東縣來義鄉古樓村中正路147號,21,378,343,排灣族,329,0,4,1,329,2,1,5,1,0,0,0,0,0,0,0,0,0,0
244,私立青年高中,24.0869925,120.6934315,臺中市青年高級中學,高級中等學校,臺中市,私立,否,否,[412]臺中市大里區中湖路100號,85,2906,208,排灣族,51,0,50,43,51,36,4,1,0,1,2,2,0,2,0,15,1,0,0
245,私立中山工商,22.6006326,120.3933412,中山學校財團法人高雄市中山高級工商職業學校,高級中等學校,高雄市,私立,否,是,[831]高雄市大寮區會社里正氣路79號,187,9505,225,排灣族,119,0,61,2,119,18,5,11,2,2,0,0,0,3,0,0,2,0,0
246,私立高英工商,22.5946145,120.4018447,高雄縣私立高英高級工商職業學校,高級中等學校,高雄市,私立,否,是,[831]高雄市大寮區鳳林3路19巷44號,65,2028,171,排灣族,130,0,12,2,130,14,4,3,2,0,1,0,0,1,0,0,1,1,0
247,國立屏東高中,22.6854421,120.48852,國立屏東高級中學,高級中等學校,屏東縣,公立,否,是,[900]屏東縣屏東市忠孝路231號,57,1950,115,排灣族,88,0,7,0,88,3,0,13,2,0,0,0,0,2,0,0,0,0,0
248,國立潮州高中,22.5496143,120.5452914,國立潮州高級中學,高級中等學校,屏東縣,公立,否,是,[920]屏東縣潮州鎮中山路11號,42,1480,162,排灣族,149,0,6,1,149,2,1,3,0,0,0,0,0,0,0,0,0,0,0
249,國立屏北高中,22.7469314,120.5489314,國立屏北高級中學,高級中等學校,屏東縣,公立,否,是,[907]屏東縣鹽埔鄉彭厝村莒光路168號,30,864,204,排灣族,128,0,10,4,128,20,1,34,2,1,2,0,0,0,0,0,1,1,0
250,國立內埔農工,22.7097996,120.642737,國立內埔高級農工職業學校,高級中等學校,屏東縣,公立,否,是,[912]屏東縣內埔鄉水門村成功路83號,34,878,177,排灣族,138,0,4,1,138,1,0,32,0,1,0,0,0,0,0,0,0,0,0
251,屏東高工,22.6634786,120.4857726,國立屏東高級工業職業學校,高級中等學校,屏東縣,公立,否,是,[900]屏東縣屏東市建國路25號,70,1876,117,排灣族,93,0,7,0,93,2,0,15,0,0,0,0,0,0,0,0,0,0,0
252,國立恆春工商,21.9927976,120.7469146,國立恆春高級工商職業學校,高級中等學校,屏東縣,公立,否,是,[946]屏東縣恆春鎮恆南路38號,36,858,99,排灣族,92,0,5,2,92,0,0,0,0,0,0,0,0,0,0,0,0,0,0
253,財團法人屏榮高中,22.6735613,120.5030789,屏東縣屏榮高級中學,高級中等學校,屏東縣,公立,否,是,[900]屏東縣屏東市豐田里民學路100號,68,2637,148,排灣族,123,0,6,1,123,2,1,13,0,0,1,0,0,0,1,0,0,0,0
254,私立民生家商,22.6583156,120.5145497,屏東縣私立民生高級家事商業職業學校,高級中等學校,屏東縣,私立,否,是,[900]屏東縣屏東市民生東路12號,37,1123,253,排灣族,159,0,24,3,159,21,3,39,1,0,2,0,0,1,0,0,0,0,0
255,私立樹德家商,22.6429937,120.3280358,高雄市私立樹德高級家事商業職業學校,高級中等學校,高雄市,私立,否,是,[807]高雄市三民區寶興里11鄰建興路116號,150,5361,150,排灣族,58,0,39,6,58,31,3,6,0,0,1,0,0,3,0,0,0,3,0
256,信義國小,23.6975623,120.8543587,南投縣信義鄉信義國民小學,國小,南投縣,公立,是,是,[556]南投縣信義鄉明德村玉山路24號,7,54,34,布農族,31,0,0,0,3,31,0,0,0,0,0,0,0,0,0,0,0,0,0
257,羅娜國小,23.6136184,120.8585076,南投縣信義鄉羅娜國民小學,國小,南投縣,公立,是,是,[556]南投縣信義鄉羅娜村信義巷一鄰73號,6,98,95,布農族,90,0,2,2,0,90,0,0,0,1,0,0,0,0,0,0,0,0,0
258,縣立同富國小,23.5944248,120.8884157,南投縣信義鄉同富國民小學,國小,南投縣,公立,是,是,[556]南投縣信義鄉同富村同和巷4號,7,143,91,布農族,89,0,1,0,0,89,0,0,1,0,0,0,0,0,0,0,0,0,0
259,縣立人和國小,23.7795337,120.8969126,南投縣信義鄉人和國民小學,國小,南投縣,公立,是,是,[556]南投縣信義鄉人和村民生巷3號,6,74,74,布農族,74,0,0,0,0,74,0,0,0,0,0,0,0,0,0,0,0,0,0
260,縣立地利國小,23.794033,120.9433506,南投縣信義鄉地利國民小學,國小,南投縣,公立,是,是,[556]南投縣信義鄉地利村開信巷17號,6,59,54,布農族,54,0,0,0,0,54,0,0,0,0,0,0,0,0,0,0,0,0,0
261,縣立東埔國小,23.5619353,120.9276267,南投縣信義鄉東埔國民小學,國小,南投縣,公立,是,是,[556]南投縣信義鄉東埔村開高巷63號,6,42,41,布農族,41,0,0,0,0,41,0,0,0,0,0,0,0,0,0,0,0,0,0
262,潭南國小,23.8214884,120.9400121,南投縣信義鄉潭南國民小學,國小,南投縣,公立,是,是,[556]南投縣信義鄉潭南村和平巷49號,6,74,72,布農族,72,0,0,0,0,72,0,0,0,0,0,0,0,0,0,0,0,0,0
263,縣立新鄉國小,23.6400176,120.8695668,南投縣信義鄉新鄉國民小學,國小,南投縣,公立,是,是,[556]南投縣信義鄉新鄉村80號,6,57,57,布農族,57,0,0,0,0,57,0,0,0,0,0,0,0,0,0,0,0,0,0
264,縣立久美國小,23.6158494,120.8844509,南投縣信義鄉久美國民小學,國小,南投縣,公立,是,是,[556]南投縣信義鄉望美村美信巷54號,6,48,48,布農族,41,0,0,0,0,41,0,0,7,0,0,0,0,0,0,0,0,0,0
265,縣立雙龍國小,23.7854,120.950171,南投縣信義鄉雙龍國民小學,國小,南投縣,公立,是,是,[556]南投縣信義鄉雙龍村光復巷4號,6,55,55,布農族,55,0,0,0,0,55,0,0,0,0,0,0,0,0,0,0,0,0,0
266,縣立豐丘國小,23.6698746,120.8748086,南投縣信義鄉豐丘國民小學,國小,南投縣,公立,是,是,[556]南投縣信義鄉豐丘村高平巷77號,6,27,26,布農族,23,0,0,1,0,23,0,0,0,0,0,0,0,0,0,2,0,0,0
267,縣立法治國小,23.91662,121.046736,南投縣仁愛鄉法治國民小學,國小,南投縣,公立,是,是,[546]南投縣仁愛鄉法治村界山巷6號,6,78,76,布農族,72,0,0,4,0,72,0,0,0,0,0,0,0,0,0,0,0,0,0
268,縣立中正國小,23.9047975,120.9908092,南投縣仁愛鄉中正國民小學,國小,南投縣,公立,是,是,[546]南投縣仁愛鄉中正村平等巷114號,6,89,89,布農族,83,0,2,2,1,83,0,0,0,0,0,0,0,1,0,0,0,0,0
269,縣立萬豐國小,23.9471762,121.0759302,南投縣仁愛鄉萬豐國民小學,國小,南投縣,公立,是,是,[546]南投縣仁愛鄉萬豐村清華巷8號,6,66,62,布農族,62,0,0,0,0,62,0,0,0,0,0,0,0,0,0,0,0,0,0
270,市立巴楠花部落小學,22.9648377,120.5395018,高雄市巴楠花部落小學,國小,高雄市,公立,是,是,[846]高雄市杉林區大愛里和氣街15號,8,113,82,布農族,62,0,0,1,8,62,0,0,0,0,0,0,0,0,0,0,3,8,0
271,市立民生國小,23.2773916,120.7206534,高雄市那瑪夏區民生國民小學,國小,高雄市,公立,是,是,[849]高雄市那瑪夏區達卡努瓦里大光巷159號,6,96,96,布農族,74,0,0,0,1,74,0,0,5,0,0,0,0,0,0,0,2,14,0
272,市立桃源國小,23.1594146,120.764056,高雄市桃源區桃源國民小學,國小,高雄市,公立,是,是,[848]高雄市桃源區桃源里北進巷五十號,6,79,77,布農族,68,0,2,4,2,68,0,0,0,0,0,0,0,0,0,0,1,0,0
273,市立建山國小,23.1052671,120.6825711,高雄市桃源區建山國民小學,國小,高雄市,公立,是,是,[848]高雄市桃源區建山里96號,6,46,44,布農族,33,0,1,2,4,33,0,1,0,0,0,0,0,0,0,0,3,0,0
274,市立興中國小,23.1299471,120.7184917,高雄市桃源區興中國民小學,國小,高雄市,公立,是,是,[848]高雄市桃源區高中里興中巷44號,6,61,57,布農族,41,0,1,0,4,41,0,0,3,0,0,0,0,0,0,0,8,0,0
275,市立寶山國小,23.0554094,120.7215911,高雄市桃源區寶山國民小學,國小,高雄市,公立,是,是,[848]高雄市桃源區寶山里98號,6,21,20,布農族,18,0,0,1,0,18,0,0,0,0,0,0,0,0,0,0,1,0,0
276,市立樟山國小,23.2530045,120.8199761,高雄市桃源區樟山國民小學,國小,高雄市,公立,是,是,[848]高雄市桃源區拉芙蘭里南橫公路五段440號,7,36,36,布農族,36,0,0,0,0,36,0,0,0,0,0,0,0,0,0,0,0,0,0
277,市立那瑪夏區民權國小,23.2560482,120.6924934,高雄市那瑪夏區民權國民小學,國小,高雄市,公立,是,是,[849]高雄市那瑪夏區瑪雅里平和巷220號,6,115,62,布農族,48,0,0,1,1,48,0,0,1,0,0,0,0,0,0,0,2,9,0
278,桃源國小,22.9022408,121.0837578,臺東縣延平鄉桃源國民小學,國小,臺東縣,公立,是,是,[953]臺東縣延平鄉桃源村昇平路84號,6,81,76,布農族,70,0,1,0,4,70,0,1,0,0,0,0,0,0,0,0,0,0,0
279,武陵國小,22.9698268,121.1164043,臺東縣延平鄉武陵國民小學,國小,臺東縣,公立,是,是,[953]臺東縣延平鄉武陵村一鄰明野路16號,6,68,68,布農族,61,0,2,0,4,61,0,0,0,0,1,0,0,0,0,0,0,0,0
280,縣立鸞山國小,22.8855591,121.160283,臺東縣延平鄉鸞山國民小學,國小,臺東縣,公立,是,是,[953]臺東縣延平鄉鸞山村一鄰14號,6,32,29,布農族,29,0,0,0,0,29,0,0,0,0,0,0,0,0,0,0,0,0,0
281,縣立紅葉國小,22.8935202,121.0637164,臺東縣延平鄉紅葉國民小學,國小,臺東縣,公立,是,是,[953]臺東縣延平鄉紅葉村紅谷路1號,6,51,49,布農族/阿美族,26,0,15,1,1,26,5,0,1,0,0,0,0,0,0,0,0,0,0
282,縣立海端國小,23.098988,121.17644,臺東縣海端鄉海端國民小學,國小,臺東縣,公立,是,是,[957]臺東縣海端鄉海端村山界路36號,6,47,41,布農族,35,0,6,0,0,35,0,0,0,0,0,0,0,0,0,0,0,0,0
283,縣立初來國小,23.117132,121.1690702,臺東縣海端鄉初來國民小學,國小,臺東縣,公立,是,是,[957]臺東縣海端鄉海端村七鄰5號,12,48,46,布農族,43,0,0,0,1,43,2,0,0,0,0,0,0,0,0,0,0,0,0
284,縣立崁頂國小,23.0454477,121.1464823,臺東縣海端鄉崁頂國民小學,國小,臺東縣,公立,是,是,[957]臺東縣海端鄉崁頂村中福21號,6,35,34,布農族,29,0,3,0,2,29,0,0,0,0,0,0,0,0,0,0,0,0,0
285,縣立廣原國小,23.1493119,121.2062909,臺東縣海端鄉廣原國民小學,國小,臺東縣,公立,是,是,[957]臺東縣海端鄉廣原村大埔路一鄰1號,6,45,42,布農族,37,0,2,0,2,37,0,0,0,0,0,0,0,1,0,0,0,0,0
286,縣立錦屏國小,23.1315173,121.17642,臺東縣海端鄉錦屏國民小學,國小,臺東縣,公立,是,是,[957]臺東縣海端鄉廣原村錦屏1號,6,43,43,布農族,39,0,4,0,0,39,0,0,0,0,0,0,0,0,0,0,0,0,0
287,縣立加拿國小,23.000996,121.130768,臺東縣海端鄉加拿國民小學,國小,臺東縣,公立,是,是,[957]臺東縣海端鄉加拿村加南5號,6,35,35,布農族,29,0,2,0,4,29,0,0,0,0,0,0,0,0,0,0,0,0,0
288,縣立霧鹿國小,23.1688039,121.0418034,臺東縣海端鄉霧鹿國民小學,國小,臺東縣,公立,是,是,[957]臺東縣海端鄉霧鹿村12號,12,51,50,布農族,46,0,2,0,0,46,0,1,0,0,0,0,0,1,0,0,0,0,0
289,縣立瑞北國小,23.5256422,121.3784889,花蓮縣瑞穗鄉瑞北國民小學,國小,花蓮縣,公立,是,是,[978]花蓮縣瑞穗鄉中正北路二段35號,6,56,51,布農族,36,0,12,0,1,36,0,0,0,0,0,0,0,2,0,0,0,0,0
290,縣立大禹國小,23.3795387,121.3287475,花蓮縣玉里鎮大禹國民小學,國小,花蓮縣,公立,是,是,[981]花蓮縣玉里鎮中禹里225號,6,42,20,布農族/阿美族,9,7,7,0,0,9,2,0,0,0,0,0,0,2,0,0,0,0,0
291,縣立長良國小,23.2843502,121.2866415,花蓮縣玉里鎮長良國民小學,國小,花蓮縣,公立,是,是,[981]花蓮縣玉里鎮長良里163號,6,31,24,布農族/阿美族,14,9,9,0,0,14,0,0,0,0,0,0,0,1,0,0,0,0,0
292,馬遠國小,23.5769733,121.3619066,花蓮縣萬榮鄉馬遠國民小學,國小,花蓮縣,公立,是,是,[979]花蓮縣萬榮鄉馬遠村39號,6,38,38,布農族,36,0,2,0,0,36,0,0,0,0,0,0,0,0,0,0,0,0,0
293,卓溪國小,23.3458184,121.3034948,花蓮縣卓溪鄉卓溪國民小學,國小,花蓮縣,公立,是,是,[982]花蓮縣卓溪鄉卓溪村中正路72號,6,41,41,布農族,34,0,3,0,2,34,0,0,0,0,0,0,0,1,0,1,0,0,0
294,縣立崙山國小,23.438375,121.344123,花蓮縣卓溪鄉崙山國民小學,國小,花蓮縣,公立,是,是,[982]花蓮縣卓溪鄉崙山村1鄰12號,6,47,47,布農族,32,0,1,0,0,32,0,0,0,0,0,0,0,4,0,10,0,0,0
295,縣立太平國小,23.4060792,121.3199808,花蓮縣卓溪鄉太平國民小學,國小,花蓮縣,公立,是,是,[982]花蓮縣卓溪鄉太平村1鄰2號,6,41,41,布農族,39,0,1,0,1,39,0,0,0,0,0,0,0,0,0,0,0,0,0
296,縣立卓清國小,23.278301,121.272734,花蓮縣卓溪鄉卓清國民小學,國小,花蓮縣,公立,是,是,[982]花蓮縣卓溪鄉卓清村清水6號,6,24,24,布農族,24,0,0,0,0,24,0,0,0,0,0,0,0,0,0,0,0,0,0
297,縣立卓樂國小,23.2959935,121.2680514,花蓮縣卓溪鄉卓樂國民小學,國小,花蓮縣,公立,是,是,[982]花蓮縣卓溪鄉卓清村卓樂86號,6,40,40,布農族,34,0,3,1,0,34,0,0,0,0,0,0,0,2,0,0,0,0,0
298,古風國小,23.2180509,121.2558357,花蓮縣卓溪鄉古風國民小學,國小,花蓮縣,公立,是,是,[982]花蓮縣卓溪鄉古風村崙天18號,6,46,46,布農族,44,0,1,0,1,44,0,0,0,0,0,0,0,0,0,0,0,0,0
299,縣立卓楓國小,23.244063,121.271761,花蓮縣卓溪鄉卓楓國民小學,國小,花蓮縣,公立,是,是,[982]花蓮縣卓溪鄉古風村十二鄰古楓6號,6,19,19,布農族,19,0,0,0,0,19,0,0,0,0,0,0,0,0,0,0,0,0,0
300,縣立民和國中,23.796175,120.9141363,南投縣立民和國民中學,國中,南投縣,公立,否,是,[553]南投縣水里鄉中學路29號,6,98,91,布農族,89,0,0,2,0,89,0,0,0,0,0,0,0,0,0,0,0,0,0
301,縣立信義國中,23.6966795,120.8541704,南投縣立信義國民中學,國中,南投縣,公立,是,是,[556]南投縣信義鄉明德村玉山路20號,4,71,40,布農族,36,0,1,3,0,36,0,0,0,0,0,0,0,0,0,0,0,0,0
302,縣立同富國中,23.5936566,120.8885128,南投縣立同富國民中學,國中,南投縣,公立,是,是,[556]南投縣信義鄉同富村同和巷7號,7,134,96,布農族,92,0,0,0,0,92,0,0,4,0,0,0,0,0,0,0,0,0,0
303,市立寶來國中,23.1107057,120.7034089,高雄市立寶來國民中學,國中,高雄市,公立,否,是,[844]高雄市六龜區寶來里中正路137號,3,73,38,布農族,25,0,2,1,4,25,0,2,3,0,0,0,0,0,0,0,1,0,0
304,市立那瑪夏國中,23.2412038,120.697795,高雄市立那瑪夏國民中學,國中,高雄市,公立,是,是,[849]高雄市那瑪夏區瑪雅里平和巷171號,6,95,72,布農族,53,0,0,0,3,53,0,0,5,0,0,0,0,0,0,0,2,9,0
305,市立桃源國中,23.1718267,120.7749945,高雄市立桃源國民中學,國中,高雄市,公立,是,是,[848]高雄市桃源區勤和里南橫公路三段201號,6,56,55,布農族,54,0,0,0,0,54,0,0,0,0,0,0,0,0,0,0,1,0,0
306,縣立關山國中,23.0451781,121.1597958,臺東縣立關山國民中學,國中,臺東縣,公立,是,是,[956]臺東縣關山鎮崁頂路22號,13,342,171,布農族/阿美族,96,61,61,2,5,96,1,0,0,3,0,0,0,3,0,0,0,0,0
307,縣立桃源國中,22.9026384,121.0803706,臺東縣立桃源國民中學,國中,臺東縣,公立,是,是,[953]臺東縣延平鄉桃源村昇平路178號,3,52,52,布農族/阿美族,28,17,17,0,0,28,0,1,1,0,3,0,0,1,0,1,0,0,0
308,縣立海端國中,23.098988,121.17644,臺東縣立海端國民中學,國中,臺東縣,公立,是,是,[957]臺東縣海端鄉海端村山界1號,3,38,32,布農族,28,0,4,0,0,28,0,0,0,0,0,0,0,0,0,0,0,0,0
309,縣立玉里國中,23.3353266,121.3129105,花蓮縣立玉里國民中學,國中,花蓮縣,公立,是,是,[981]花蓮縣玉里鎮民族街30號,24,582,248,布農族/阿美族,115,114,114,3,3,115,1,0,0,0,0,0,0,10,0,2,0,0,0
310,縣立三民國中,23.4329976,121.3496957,花蓮縣立三民國民中學,國中,花蓮縣,公立,是,是,[981]花蓮縣玉里鎮三民里151號,6,102,84,布農族,33,0,20,0,0,33,0,0,0,0,0,0,0,13,0,18,0,0,0
311,縣立富北國中,23.2246835,121.2798008,花蓮縣立富北國民中學,國中,花蓮縣,公立,是,是,[983]花蓮縣富里鄉新興村一鄰8號,6,99,37,布農族/阿美族,23,14,14,0,0,23,0,0,0,0,0,0,0,0,0,0,0,0,0
312,國立仁愛高農,24.0219329,121.132668,國立仁愛高級農業職業學校,高級中等學校,南投縣,公立,是,是,[546]南投縣仁愛鄉大同村山農巷27號,18,347,140,布農族/賽德克族,60,47,2,27,1,60,0,0,0,0,1,1,0,1,0,47,0,0,0
313,埔里高工,23.9782159,120.9865383,國立埔里高級工業職業學校,高級中等學校,南投縣,公立,否,是,[545]南投縣埔里鎮中山路1段435號,39,1060,106,布農族/賽德克族,36,34,2,31,0,36,0,0,0,1,0,1,0,1,0,34,0,0,0
314,國立關山工商,23.0474501,121.1591946,國立關山高級工商職業學校,高級中等學校,臺東縣,公立,是,是,[956]臺東縣關山鎮民權路58號,21,317,170,布農族/阿美族,88,59,59,1,13,88,6,3,0,0,0,0,0,0,0,0,0,0,0
315,南王國小,22.7893263,121.1138301,臺東縣臺東市南王Puyuma花環實驗小學,國小,臺東縣,公立,是,是,[950]臺東縣臺東市南王里更生北路726號,6,74,57,卑南族,36,0,12,1,3,3,36,0,1,0,0,0,0,1,0,0,0,0,0
316,知本國小,22.706367,121.0544204,臺東縣臺東市知本國民小學,國小,臺東縣,公立,是,是,[950]臺東縣臺東市知本路三段107號,12,195,92,卑南族,51,0,25,2,10,4,51,0,0,0,0,0,0,0,0,0,0,0,0
317,建和國小,22.7154201,121.0485648,臺東縣臺東市建和國民小學,國小,臺東縣,公立,是,是,[950]臺東縣臺東市青海路三段640號,6,84,54,卑南族,39,0,9,1,5,0,39,0,0,0,0,0,0,0,0,0,0,0,0
318,賓朗國小,22.8079094,121.0927616,臺東縣濱南鄉賓朗國民小學,國小,臺東縣,公立,是,是,[954]臺東縣卑南鄉賓朗村474巷2號,7,68,39,卑南族,19,0,11,1,5,0,19,2,0,0,0,0,1,0,0,0,0,0,0
319,利嘉國小,22.776558,121.062103,臺東縣卑南鄉利嘉國民小學,國小,臺東縣,公立,是,是,[954]臺東縣卑南鄉利嘉村利嘉路666號,6,42,36,卑南族,30,0,4,0,2,0,30,0,0,0,0,0,0,0,0,0,0,0,0
320,太平國小,22.7911704,121.0763256,臺東縣卑南鄉太平國民小學,國小,臺東縣,公立,是,是,[954]臺東縣卑南鄉泰安村6號,8,140,104,卑南族,47,0,22,3,14,7,47,10,0,0,1,0,0,0,0,0,0,0,0
321,縣立知本國中,22.7154201,121.0485648,臺東縣立知本國民中學,國中,臺東縣,公立,是,是,[950]臺東縣臺東市青海路三段680號,11,217,97,卑南族,45,0,24,1,7,10,45,6,0,0,3,0,0,0,0,0,0,0,1
322,縣立初鹿國中,22.8493889,121.0921366,臺東縣立初鹿國民中學,國中,臺東縣,公立,是,是,[954]臺東縣卑南鄉明峰村忠孝路2號,6,93,42,卑南族,24,0,11,4,0,3,24,0,0,0,0,0,0,0,0,0,0,0,0
323,市立茂林國小,22.8860015,120.6644768,高雄市茂林區茂林國民小學,國小,高雄市,公立,是,是,[851]高雄市茂林區茂林里4之3號,6,42,41,魯凱族,33,0,1,0,3,2,0,33,0,0,1,0,0,1,0,0,0,0,0
324,市立多納國小,22.9100499,120.7161216,高雄市茂林區多納國民小學,國小,高雄市,公立,是,是,[851]高雄市茂林區多納里1-2號,6,23,22,魯凱族,22,0,0,0,0,0,0,22,0,0,0,0,0,0,0,0,0,0,0
325,縣立青葉國小,22.8380755,120.6392923,屏東縣三地門鄉青葉國民小學,國小,屏東縣,公立,是,是,[901]屏東縣三地門鄉青葉村光復巷1之2號,6,46,37,魯凱族,31,0,2,0,4,0,0,31,0,0,0,0,0,0,0,0,0,0,0
326,霧臺國小,22.7447772,120.7319103,屏東縣霧臺鄉霧臺國民小學,國小,屏東縣,公立,是,是,[902]屏東縣霧臺鄉霧臺村中山巷45號,12,87,86,魯凱族,78,0,0,0,4,3,0,78,1,0,0,0,0,0,0,0,0,0,0
327,大南國小,22.7641509,121.0433657,臺東縣卑南鄉達魯瑪克民族實驗小學,國小,臺東縣,公立,是,是,[954]臺東縣卑南鄉東興村東園一街40號,6,65,65,魯凱族,52,0,5,1,4,1,2,52,0,0,0,0,0,0,0,0,0,0,0
328,市立茂林國中,22.8849452,120.6639377,高雄市立茂林國民中學,國中,高雄市,公立,是,是,[851]高雄市茂林區茂林里4之5號,3,26,26,魯凱族,23,0,0,0,2,0,0,23,0,0,1,0,0,0,0,0,0,0,0
329,達邦國小,23.453213,120.7491689,嘉義縣阿里山鄉達邦國民小學,國小,嘉義縣,公立,是,是,[605]嘉義縣阿里山鄉達邦村一鄰1號,11,47,46,鄒族,46,0,0,0,0,0,0,0,46,0,0,0,0,0,0,0,0,0,0
330,十字國小,23.4948044,120.7411932,嘉義縣阿里山鄉十字國民小學,國小,嘉義縣,公立,是,是,[605]嘉義縣阿里山鄉十字村16號,4,13,7,鄒族,7,0,0,0,0,0,0,0,7,0,0,0,0,0,0,0,0,0,0
331,來吉國小,23.5297608,120.7398067,嘉義縣阿里山鄉來吉國民小學,國小,嘉義縣,公立,是,是,[605]嘉義縣阿里山鄉來吉村四鄰91號,4,21,17,鄒族,17,0,0,0,0,0,0,0,17,0,0,0,0,0,0,0,0,0,0
332,山美國小,23.3838773,120.6681625,嘉義縣阿里山鄉山美國民小學,國小,嘉義縣,公立,是,是,[605]嘉義縣阿里山鄉山美村61號,6,35,33,鄒族,33,0,0,0,0,0,0,0,33,0,0,0,0,0,0,0,0,0,0
333,新美國小,23.3372235,120.6832157,嘉義縣阿里山鄉新美國民小學,國小,嘉義縣,公立,是,是,[605]嘉義縣阿里山鄉新美村四鄰78號,6,25,21,鄒族,19,0,0,0,0,2,0,0,19,0,0,0,0,0,0,0,0,0,0
334,茶山國小,23.300178,120.666564,嘉義縣阿里山鄉茶山國民小學,國小,嘉義縣,公立,是,是,[605]嘉義縣阿里山鄉茶山村三鄰74號,4,19,14,鄒族,10,0,0,1,0,3,0,0,10,0,0,0,0,0,0,0,0,0,0
335,阿里山國中小,23.4717933,120.7055706,嘉義阿里山國民中小學,國中小,嘉義縣,公立,是,是,[605]嘉義縣阿里山鄉樂野村1鄰31號,9,138,92,鄒族,89,0,1,1,0,0,0,0,89,0,0,0,0,0,0,0,0,0,0
336,東河國小,24.6002778,121.0402778,苗栗縣南庄鄉東河國民小學,國小,苗栗縣,公立,是,是,[353]苗栗縣南庄鄉東河村三鄰132號,6,43,37,賽夏族,27,0,1,9,0,0,0,0,0,27,0,0,0,0,0,0,0,0,0
337,蓬萊國小,24.5431916,120.9707793,苗栗縣南庄鄉蓬萊國民小學,國小,苗栗縣,公立,是,是,[353]苗栗縣南庄鄉蓬萊村19鄰118號,6,34,22,賽夏族,22,0,0,0,0,0,0,0,0,22,0,0,0,0,0,0,0,0,0
338,縣立永興國小,24.5735173,120.9364116,苗栗縣獅潭鄉永興國民小學,國小,苗栗縣,公立,是,是,[354]苗栗縣獅潭鄉永興村6鄰55-1號,6,20,7,賽夏族,7,0,0,0,0,0,0,0,0,7,0,0,0,0,0,0,0,0,0
339,縣立南庄國中,24.6045566,121.0008663,苗栗縣南庄鄉南庄國民小學,國中,苗栗縣,公立,是,是,[353]苗栗縣南庄鄉東村中正路165號,8,182,95,賽夏族,71,0,0,23,0,1,0,0,0,71,0,0,0,0,0,0,0,0,0
340,蘭嶼國小,22.0250514,121.5542323,臺東縣蘭嶼鄉蘭嶼國民小學,國小,臺東縣,公立,是,是,[952]臺東縣蘭嶼鄉紅頭村1之1號,6,26,24,雅美族,24,0,0,0,0,0,0,0,0,0,24,0,0,0,0,0,0,0,0
341,椰油國小,22.0488875,121.5113652,臺東縣蘭嶼鄉椰油國民小學,國小,臺東縣,公立,是,是,[952]臺東縣蘭嶼鄉椰油村忠孝街1號,6,70,69,雅美族,69,0,0,0,0,0,0,0,0,0,69,0,0,0,0,0,0,0,0
342,東清國小,22.0567659,121.5647201,臺東縣蘭嶼鄉東清國民小學,國小,臺東縣,公立,是,是,[952]臺東縣蘭嶼鄉東清村1號,6,43,43,雅美族,43,0,0,0,0,0,0,0,0,0,43,0,0,0,0,0,0,0,0
343,朗島國小,22.0800137,121.527901,臺東縣蘭嶼鄉朗島國民小學,國小,臺東縣,公立,是,是,[952]臺東縣蘭嶼鄉朗島村17號,6,31,30,雅美族,29,0,0,0,1,0,0,0,0,0,29,0,0,0,0,0,0,0,0
344,蘭嶼高中,22.0488875,121.5113652,臺東蘭嶼高級中學,完全中學,臺東縣,公立,是,是,[952]臺東縣蘭嶼鄉椰油村37號,9,151,150,雅美族,146,0,1,1,0,0,0,0,0,0,146,0,0,0,0,0,0,0,2
345,德化國小,23.8485721,120.9354304,南投縣魚池鄉德化國民小學,國小,南投縣,公立,是,是,[555]南投縣魚池鄉日月村中正路211巷1號,6,36,11,邵族,10,0,1,0,0,0,0,0,0,0,0,10,0,0,0,0,0,0,0
346,新社國小,23.6521219,121.5355246,花蓮縣豐濱鄉新社國民小學,國小,花蓮縣,公立,是,是,[977]花蓮縣豐濱鄉新社村150號,6,26,24,噶瑪蘭族,11,0,7,0,0,4,0,1,0,0,0,0,11,1,0,0,0,0,0
347,縣立新城國小,24.1273921,121.6509438,花蓮縣新城鄉新城國民小學,國小,花蓮縣,公立,是,是,[971]花蓮縣新城鄉新城村博愛路30號,13,229,177,太魯閣族,140,0,20,9,0,4,1,0,0,0,0,0,3,140,0,0,0,0,0
348,縣立康樂國小,24.0525588,121.6078012,花蓮縣新城鄉康樂國民小學,國小,花蓮縣,公立,是,是,[971]花蓮縣新城鄉康樂村康樂一街38號,6,71,47,太魯閣族/阿美族,22,21,21,3,0,0,1,0,0,0,0,0,0,22,0,0,0,0,0
349,縣立北林國小,23.771607,121.468201,花蓮縣鳳林鎮北林國民小學,國小,花蓮縣,公立,是,是,[975]花蓮縣鳳林鎮北林里平園路32號,6,20,8,太魯閣族,5,0,2,1,0,0,0,0,0,0,0,0,0,5,0,0,0,0,0
350,縣立長橋國小,23.7094652,121.4195202,花蓮縣鳳林鎮長橋國民小學,國小,花蓮縣,公立,是,是,[975]花蓮縣鳳林鎮長橋里長橋路2號,6,37,22,太魯閣族,15,0,5,0,1,0,0,0,0,0,0,0,1,15,0,0,0,0,0
351,縣立林榮國小,23.8023141,121.4521347,花蓮縣鳳林鎮林榮國民小學,國小,花蓮縣,公立,是,是,[975]花蓮縣鳳林鎮林榮里永安街2號,6,22,12,太魯閣族,10,0,2,0,0,0,0,0,0,0,0,0,0,10,0,0,0,0,0
352,秀林國小,24.1181219,121.6247748,花蓮縣秀林鄉秀林國民小學,國小,花蓮縣,公立,是,是,[972]花蓮縣秀林鄉秀林村秀林路76號,6,79,78,太魯閣族,66,0,6,5,0,1,0,0,0,0,0,0,0,66,0,0,0,0,0
353,富世國小,24.147461,121.629103,花蓮縣秀林鄉富世國民小學,國小,花蓮縣,公立,是,是,[972]花蓮縣秀林鄉富世村127號,6,68,68,太魯閣族,64,0,2,2,0,0,0,0,0,0,0,0,0,64,0,0,0,0,0
354,縣立崇德國小,24.149809,121.645914,花蓮縣秀林鄉崇德國民小學,國小,花蓮縣,公立,是,是,[972]花蓮縣秀林鄉崇德村72號,6,69,69,太魯閣族,69,0,0,0,0,0,0,0,0,0,0,0,0,69,0,0,0,0,0
355,和平國小,24.3080115,121.7486858,花蓮縣秀林鄉和平國民小學,國小,花蓮縣,公立,是,是,[972]花蓮縣秀林鄉和平村112號,6,86,72,太魯閣族,63,0,3,6,0,0,0,0,0,0,0,0,0,63,0,0,0,0,0
356,景美國小,24.0828943,121.6065339,花蓮縣秀林鄉景美國民小學,國小,花蓮縣,公立,是,是,[972]花蓮縣秀林鄉景美村加灣112號,6,50,50,太魯閣族,50,0,0,0,0,0,0,0,0,0,0,0,0,50,0,0,0,0,0
357,三棧國小,24.1027007,121.6061907,花蓮縣秀林鄉三棧國民小學,國小,花蓮縣,公立,是,是,[972]花蓮縣秀林鄉景美村三棧102號,6,31,30,太魯閣族,30,0,0,0,0,0,0,0,0,0,0,0,0,30,0,0,0,0,0
358,佳民國小,24.053999,121.59939,花蓮縣秀林鄉佳民國民小學,國小,花蓮縣,公立,是,是,[972]花蓮縣秀林鄉佳民村119號,6,44,44,太魯閣族,39,0,2,2,0,1,0,0,0,0,0,0,0,39,0,0,0,0,0
359,銅門國小,23.964613,121.493889,花蓮縣秀林鄉銅門國民小學,國小,花蓮縣,公立,是,是,[972]花蓮縣秀林鄉銅門村69號,6,61,58,太魯閣族,44,0,4,7,0,1,0,0,0,0,0,0,0,44,0,2,0,0,0
360,水源國小,23.964613,121.493889,花蓮縣秀林鄉水源國民小學,國小,花蓮縣,公立,是,是,[972]花蓮縣秀林鄉水源村111號,6,89,89,太魯閣族,80,0,5,3,0,0,0,1,0,0,0,0,0,80,0,0,0,0,0
361,銅蘭國小,23.9476011,121.5067262,花蓮縣秀林鄉銅蘭國民小學,國小,花蓮縣,公立,是,是,[972]花蓮縣秀林鄉文蘭村70號,6,47,44,太魯閣族,35,0,2,3,1,3,0,0,0,0,0,0,0,35,0,0,0,0,0
362,文蘭國小,23.9216222,121.5013667,花蓮縣秀林鄉文蘭國民小學,國小,花蓮縣,公立,是,是,[972]花蓮縣秀林鄉文蘭村米亞丸1號,6,58,47,太魯閣族/阿美族,28,16,16,2,0,1,0,0,0,0,0,0,0,28,0,0,0,0,0
363,萬榮國小,23.7155611,121.4107129,花蓮縣萬榮太魯閣民族教育小學,國小,花蓮縣,公立,是,是,[979]花蓮縣萬榮鄉萬榮村2鄰31號,6,54,52,太魯閣族,51,0,1,0,0,0,0,0,0,0,0,0,0,51,0,0,0,0,0
364,明利國小,23.7054631,121.4132132,花蓮縣萬榮鄉明利國民小學,國小,花蓮縣,公立,是,是,[979]花蓮縣萬榮鄉明利村35號,6,46,46,太魯閣族,46,0,0,0,0,0,0,0,0,0,0,0,0,46,0,0,0,0,0
365,見晴國小,23.783286,121.4519549,花蓮縣萬榮鄉見晴國民小學,國小,花蓮縣,公立,是,是,[979]花蓮縣萬榮鄉見晴村89號,6,44,43,太魯閣族,37,0,2,0,0,1,2,0,0,0,0,0,0,37,0,0,0,0,1
366,縣立西林國小,23.8112105,121.4405298,花蓮縣萬榮鄉西林國民小學,國小,花蓮縣,公立,是,是,[979]花蓮縣萬榮鄉西林村8鄰114號,6,74,73,太魯閣族,69,0,1,0,2,0,1,0,0,0,0,0,0,69,0,0,0,0,0
367,紅葉國小,23.4944354,121.3457643,花蓮縣萬榮鄉紅葉國民小學,國小,花蓮縣,公立,是,是,[979]花蓮縣萬榮鄉紅葉村1鄰4號,6,52,52,太魯閣族,46,0,1,0,0,5,0,0,0,0,0,0,0,46,0,0,0,0,0
368,縣立立山國小,23.4304438,121.3207428,花蓮縣卓溪鄉立山國民小學,國小,花蓮縣,公立,是,是,[982]花蓮縣卓溪鄉立山村9鄰90號,6,44,43,太魯閣族/賽德克族,20,18,0,0,0,5,0,0,0,0,0,0,0,20,0,18,0,0,0
369,西寶國小,24.2065159,121.4824892,花蓮縣秀林鄉西寶國民小學,國小,花蓮縣,公立,是,是,[972]花蓮縣秀林鄉富世村西寶11號,6,38,20,太魯閣族,13,0,4,0,1,2,0,0,0,0,0,0,0,13,0,0,0,0,0
370,縣立秀林國中,24.126051,121.6530032,花蓮縣立秀林國民中學,國中,花蓮縣,公立,是,是,[971]花蓮縣新城鄉新城村中山路56號,11,242,222,太魯閣族,193,0,22,7,0,0,0,0,0,0,0,0,0,193,0,0,0,0,0
371,縣立新城國中,24.0309653,121.6048343,花蓮縣立新城國民中學,國中,花蓮縣,公立,是,是,[971]花蓮縣新城鄉北埔村北埔路143號,13,306,207,太魯閣族/阿美族,111,82,82,6,1,3,0,0,0,0,0,0,1,111,3,0,0,0,0
372,縣立吉安國中,23.9831445,121.5613236,花蓮縣立吉安國民中學,國中,花蓮縣,公立,是,是,[973]花蓮縣吉安鄉中山路三段662號,14,321,194,太魯閣族,118,0,52,11,2,7,1,0,0,0,0,0,0,118,3,0,0,0,0
373,縣立平和國中,23.8851069,121.5184199,花蓮縣立平和國民中學,國中,花蓮縣,公立,是,是,[974]花蓮縣壽豐鄉平和村平和路48號,6,85,63,太魯閣族/阿美族,32,30,30,0,1,0,0,0,0,0,0,0,0,32,0,0,0,0,0
374,縣立鳳林國中,23.7444815,121.4489814,花蓮縣立鳳林國民中學,國中,花蓮縣,公立,是,是,[975]花蓮縣鳳林鎮光復路8號,13,269,129,太魯閣族/阿美族,74,49,49,4,0,1,1,0,0,0,0,0,0,74,0,0,0,0,0
375,縣立萬榮國中,23.7078449,121.4189242,花蓮縣立萬榮國民中學,國中,花蓮縣,公立,是,是,[975]花蓮縣鳳林鎮長橋路1號,4,55,52,太魯閣族,46,0,1,2,2,1,0,0,0,0,0,0,0,46,0,0,0,0,0
376,縣立仁愛國小,24.0219305,121.1326863,南投縣仁愛鄉仁愛國民小學,國小,南投縣,公立,是,是,[546]南投縣仁愛鄉大同村山農巷5號,6,62,50,賽德克族,36,0,0,9,0,5,0,0,0,0,0,0,0,0,0,36,0,0,0
377,合作國小,24.0859716,121.2166931,南投縣仁愛鄉合作國民小學,國小,南投縣,公立,是,是,[546]南投縣仁愛鄉合作村平生路23號,6,34,34,賽德克族,34,0,0,0,0,0,0,0,0,0,0,0,0,0,0,34,0,0,0
378,互助國小,24.0634846,120.9684291,南投縣仁愛鄉互助國民小學,國小,南投縣,公立,是,是,[546]南投縣仁愛鄉互助村中華路19號,6,57,56,賽德克族,48,0,2,6,0,0,0,0,0,0,0,0,0,0,0,48,0,0,0
379,南豐國小,24.0004163,121.0793554,南投縣仁愛鄉南豐國民小學,國小,南投縣,公立,是,是,[546]南投縣仁愛鄉南豐村楓林路3號,6,39,34,賽德克族,28,0,1,1,1,3,0,0,0,0,0,0,0,0,0,28,0,0,0
380,廬山國小,24.0347457,121.1858484,南投縣仁愛鄉廬山國民小學,國小,南投縣,公立,是,是,[546]南投縣仁愛鄉精英村中華巷19號,6,46,46,賽德克族,40,0,0,5,0,1,0,0,0,0,0,0,0,0,0,40,0,0,0
381,都達國小,24.0594756,121.1919766,南投縣仁愛鄉都達國民小學,國小,南投縣,公立,是,是,[546]南投縣仁愛鄉都達村法觀路17號,6,39,39,賽德克族,31,0,0,3,0,3,0,0,0,0,0,0,0,2,0,31,0,0,0
382,春陽國小,24.0594756,121.1919766,南投縣仁愛鄉春陽國民小學,國小,南投縣,公立,是,是,[546]南投縣仁愛鄉春陽村永樂巷58號,6,63,63,賽德克族,63,0,0,0,0,0,0,0,0,0,0,0,0,0,0,63,0,0,0
383,縣立清境國小,24.0435119,121.1581053,南投縣仁愛鄉清境國民小學,國小,南投縣,公立,是,是,[546]南投縣仁愛鄉定遠新村24號,6,44,18,賽德克族,12,0,0,0,1,3,0,0,0,0,0,2,0,0,0,12,0,0,0
384,縣立北梅國中,24.0572269,120.9116462,南投縣立北梅國民中學,國中,南投縣,公立,否,是,[544]南投縣國姓鄉北港村國姓路62號,3,58,32,賽德克族,28,0,1,2,0,1,0,0,0,0,0,0,0,0,0,28,0,0,0
385,縣立仁愛國中,24.0311371,121.14262,南投縣立仁愛國民中學,國中,南投縣,公立,是,是,[546]南投縣仁愛鄉大同村信義巷28號,8,163,145,賽德克族,82,0,0,29,4,29,0,0,0,0,0,0,0,1,0,82,0,0,0
